company_id,slug,name,batch,batch_year,guessed_domain_1,guessed_domain_2,guessed_domain_3
30078,abundant,"Abundant",Fall 2024,2024,abundant.com,abundant.ai,abundant.io
30037,afternoon-co,"Afternoon.co",Fall 2024,2024,afternoonco.com,afternoonco.ai,afternoonco.io
30100,alex,"Alex",Fall 2024,2024,alex.com,alex.ai,alex.io
30130,apolink,"Apolink",Fall 2024,2024,apolink.com,apolink.ai,apolink.io
30045,archil,"Archil",Fall 2024,2024,archil.com,archil.ai,archil.io
30105,archilabs,"ArchiLabs",Fall 2024,2024,archilabs.com,archilabs.ai,archilabs.io
30131,asha-health,"Asha Health",Fall 2024,2024,ashahealth.com,ashahealth.ai,ashahealth.io
30051,attimet,"attimet",Fall 2024,2024,attimet.com,attimet.ai,attimet.io
30077,autocomputer,"AutoComputer",Fall 2024,2024,autocomputer.com,autocomputer.ai,autocomputer.io
30019,avora,"Avora",Fall 2024,2024,avora.com,avora.ai,avora.io
30067,beglaubigtde,"Beglaubigt.de",Fall 2024,2024,beglaubigtde.com,beglaubigtde.ai,beglaubigtde.io
30030,candle,"Candle",Fall 2024,2024,candle.com,candle.ai,candle.io
30119,canvas,"Canvas",Fall 2024,2024,canvas.com,canvas.ai,canvas.io
30096,capy,"Capy",Fall 2024,2024,capy.com,capy.ai,capy.io
30124,careforce,"Careforce",Fall 2024,2024,careforce.com,careforce.ai,careforce.io
30046,cekura-ai,"Cekura",Fall 2024,2024,cekura.com,cekura.ai,cekura.io
30065,withcharm,"Charm",Fall 2024,2024,charm.com,charm.ai,charm.io
30014,clarus,"Clarus",Fall 2024,2024,clarus.com,clarus.ai,clarus.io
30091,collectwise,"CollectWise",Fall 2024,2024,collectwise.com,collectwise.ai,collectwise.io
30095,consus,"Consus",Fall 2024,2024,consus.com,consus.ai,consus.io
30024,crouton,"Crouton",Fall 2024,2024,crouton.com,crouton.ai,crouton.io
30076,crustdata,"Crustdata",Fall 2024,2024,crustdata.com,crustdata.ai,crustdata.io
30054,ctgt,"CTGT",Fall 2024,2024,ctgt.com,ctgt.ai,ctgt.io
30083,curo,"Curo",Fall 2024,2024,curo.com,curo.ai,curo.io
30032,darkgrade,"Darkgrade",Fall 2024,2024,darkgrade.com,darkgrade.ai,darkgrade.io
30080,dexter,"Dexter",Fall 2024,2024,dexter.com,dexter.ai,dexter.io
30102,diffusion-studio,"Diffusion Studio",Fall 2024,2024,diffusionstudio.com,diffusionstudio.ai,diffusionstudio.io
30027,durate,"Durate",Fall 2024,2024,durate.com,durate.ai,durate.io
30118,ember,"Ember",Fall 2024,2024,ember.com,ember.ai,ember.io
30047,endstack,"Endstack",Fall 2024,2024,endstack.com,endstack.ai,endstack.io
30110,forerunner-ai,"Forerunner AI",Fall 2024,2024,forerunnerai.com,forerunnerai.ai,forerunnerai.io
30063,freebuff,"Freebuff",Fall 2024,2024,freebuff.com,freebuff.ai,freebuff.io
30116,freestyle-ai,"Freestyle",Fall 2024,2024,freestyle.com,freestyle.ai,freestyle.io
30089,fresco,"Fresco",Fall 2024,2024,fresco.com,fresco.ai,fresco.io
30109,futureclinic,"FutureClinic",Fall 2024,2024,futureclinic.com,futureclinic.ai,futureclinic.io
30028,gait,"Gait",Fall 2024,2024,gait.com,gait.ai,gait.io
30018,galini,"Galini",Fall 2024,2024,galini.com,galini.ai,galini.io
30099,gander,"Gander",Fall 2024,2024,gander.com,gander.ai,gander.io
30087,gecko-security,"Gecko Security",Fall 2024,2024,geckosecurity.com,geckosecurity.ai,geckosecurity.io
30053,general-learning,"General Learning",Fall 2024,2024,generallearning.com,generallearning.ai,generallearning.io
30031,getcho,"Getcho",Fall 2024,2024,getcho.com,getcho.ai,getcho.io
30034,healthspark,"HealthSpark",Fall 2024,2024,healthspark.com,healthspark.ai,healthspark.io
30129,humanlayer,"HumanLayer",Fall 2024,2024,humanlayer.com,humanlayer.ai,humanlayer.io
30064,hybrd,"HYBRD",Fall 2024,2024,hybrd.com,hybrd.ai,hybrd.io
30097,innate,"Innate",Fall 2024,2024,innate.com,innate.ai,innate.io
30052,issen,"ISSEN",Fall 2024,2024,issen.com,issen.ai,issen.io
30062,karmen,"Karmen",Fall 2024,2024,karmen.com,karmen.ai,karmen.io
30056,keye,"Keye",Fall 2024,2024,keye.com,keye.ai,keye.io
30101,kilvin,"Kilvin",Fall 2024,2024,kilvin.com,kilvin.ai,kilvin.io
30115,laminar-com,"Laminar",Fall 2024,2024,laminar.com,laminar.ai,laminar.io
30038,lightscreen-ai,"Lightscreen AI",Fall 2024,2024,lightscreenai.com,lightscreenai.ai,lightscreenai.io
30060,lingodotdev,"Lingo.dev",Fall 2024,2024,lingodev.com,lingodev.ai,lingodev.io
30127,loombotic,"Loombotic",Fall 2024,2024,loombotic.com,loombotic.ai,loombotic.io
30057,luthor,"Luthor",Fall 2024,2024,luthor.com,luthor.ai,luthor.io
30048,astrix-health,"Matcha",Fall 2024,2024,matcha.com,matcha.ai,matcha.io
30113,melder,"Melder",Fall 2024,2024,melder.com,melder.ai,melder.io
30103,metreecs,"Metreecs",Fall 2024,2024,metreecs.com,metreecs.ai,metreecs.io
30029,moonset-health,"Moonset Health",Fall 2024,2024,moonsethealth.com,moonsethealth.ai,moonsethealth.io
30079,moonshine,"Moonshine",Fall 2024,2024,moonshine.com,moonshine.ai,moonshine.io
30033,openbenchmarks,"Openbenchmarks",Fall 2024,2024,openbenchmarks.com,openbenchmarks.ai,openbenchmarks.io
30090,origami-2,"Origami",Fall 2024,2024,origami.com,origami.ai,origami.io
30073,pearson-labs,"Pearson Labs",Fall 2024,2024,pearsonlabs.com,pearsonlabs.ai,pearsonlabs.io
30088,permitportal,"PermitPortal",Fall 2024,2024,permitportal.com,permitportal.ai,permitportal.io
30039,raycaster,"Raycaster",Fall 2024,2024,raycaster.com,raycaster.ai,raycaster.io
30117,relvy-ai,"Relvy AI",Fall 2024,2024,relvyai.com,relvyai.ai,relvyai.io
30049,reticular,"Reticular",Fall 2024,2024,reticular.com,reticular.ai,reticular.io
30104,revi,"Revi",Fall 2024,2024,revi.com,revi.ai,revi.io
30041,revyl,"Revyl",Fall 2024,2024,revyl.com,revyl.ai,revyl.io
30055,riskcube,"RiskCube",Fall 2024,2024,riskcube.com,riskcube.ai,riskcube.io
30017,riveter,"Riveter",Fall 2024,2024,riveter.com,riveter.ai,riveter.io
30126,roundabout-technologies,"Roundabout Technologies",Fall 2024,2024,roundabouttechnologies.com,roundabouttechnologies.ai,roundabouttechnologies.io
30036,rulebase,"Rulebase",Fall 2024,2024,rulebase.com,rulebase.ai,rulebase.io
30114,ryvn,"Ryvn",Fall 2024,2024,ryvn.com,ryvn.ai,ryvn.io
30044,sandra-ai,"Sandra AI",Fall 2024,2024,sandraai.com,sandraai.ai,sandraai.io
30050,smooth,"Smooth",Fall 2024,2024,smooth.com,smooth.ai,smooth.io
30059,sphinx,"Sphinx",Fall 2024,2024,sphinx.com,sphinx.ai,sphinx.io
30068,stewdio,"Stewdio",Fall 2024,2024,stewdio.com,stewdio.ai,stewdio.io
30023,streamable,"Streamable",Fall 2024,2024,streamable.com,streamable.ai,streamable.io
30108,struct-ai,"Struct",Fall 2024,2024,struct.com,struct.ai,struct.io
30106,sunset,"Sunset",Fall 2024,2024,sunset.com,sunset.ai,sunset.io
30040,supercontrast,"supercontrast",Fall 2024,2024,supercontrast.com,supercontrast.ai,supercontrast.io
30107,surge,"Surge",Fall 2024,2024,surge.com,surge.ai,surge.io
30022,symphony,"Symphony",Fall 2024,2024,symphony.com,symphony.ai,symphony.io
30125,synth-3,"Synth",Fall 2024,2024,synth.com,synth.ai,synth.io
30021,telli,"telli",Fall 2024,2024,telli.com,telli.ai,telli.io
30075,tiny,"Tiny",Fall 2024,2024,tiny.com,tiny.ai,tiny.io
30066,unusual,"Unusual",Fall 2024,2024,unusual.com,unusual.ai,unusual.io
29577,variant,"Variant",Fall 2024,2024,variant.com,variant.ai,variant.io
30112,vaya,"Vaya",Fall 2024,2024,vaya.com,vaya.ai,vaya.io
30043,vespper,"Vespper",Fall 2024,2024,vespper.com,vespper.ai,vespper.io
30074,vly-ai-2,"vly.ai",Fall 2024,2024,vlyai.com,vlyai.ai,vlyai.io
30042,vortexify,"Vortexify",Fall 2024,2024,vortexify.com,vortexify.ai,vortexify.io
30111,x1,"x1",Fall 2024,2024,x1.com,x1.ai,x1.io
30016,zeroframe,"Zeroframe",Fall 2024,2024,zeroframe.com,zeroframe.ai,zeroframe.io
29798,ai-2,"&AI",Summer 2024,2024,ai.com,ai.ai,ai.io
29733,1849-bio,"1849 bio",Summer 2024,2024,1849bio.com,1849bio.ai,1849bio.io
29558,abel-police,"Abel Police",Summer 2024,2024,abelpolice.com,abelpolice.ai,abelpolice.io
29406,acx,"ACX",Summer 2024,2024,acx.com,acx.ai,acx.io
29972,affil-ai,"Affil.ai",Summer 2024,2024,affilai.com,affilai.ai,affilai.io
29723,aluna,"Aluna",Summer 2024,2024,aluna.com,aluna.ai,aluna.io
29694,aminoanalytica,"AminoAnalytica",Summer 2024,2024,aminoanalytica.com,aminoanalytica.ai,aminoanalytica.io
29738,anara,"Anara",Summer 2024,2024,anara.com,anara.ai,anara.io
29957,anglera,"Anglera",Summer 2024,2024,anglera.com,anglera.ai,anglera.io
29713,anthrogen,"Anthrogen",Summer 2024,2024,anthrogen.com,anthrogen.ai,anthrogen.io
29571,apten,"Apten",Summer 2024,2024,apten.com,apten.ai,apten.io
29680,ares-industries,"Ares Industries",Summer 2024,2024,aresindustries.com,aresindustries.ai,aresindustries.io
29813,argil,"Argil",Summer 2024,2024,argil.com,argil.ai,argil.io
29973,arva-ai,"Arva AI",Summer 2024,2024,arvaai.com,arvaai.ai,arvaai.io
29824,assembly-hoa,"Assembly HOA",Summer 2024,2024,assemblyhoa.com,assemblyhoa.ai,assemblyhoa.io
29823,autarc,"autarc",Summer 2024,2024,autarc.com,autarc.ai,autarc.io
29698,autopallet-robotics,"AutoPallet Robotics",Summer 2024,2024,autopalletrobotics.com,autopalletrobotics.ai,autopalletrobotics.io
29753,autumn-labs,"Autumn Labs",Summer 2024,2024,autumnlabs.com,autumnlabs.ai,autumnlabs.io
29657,azalea-robotics-corporation,"Azalea Robotics Corporation",Summer 2024,2024,azalearoboticscorporation.com,azalearoboticscorporation.ai,azalearoboticscorporation.io
29794,baseline-ai,"Baseline AI",Summer 2024,2024,baselineai.com,baselineai.ai,baselineai.io
29636,bayesline,"Bayesline",Summer 2024,2024,bayesline.com,bayesline.ai,bayesline.io
29758,beebettor,"BeeBettor",Summer 2024,2024,beebettor.com,beebettor.ai,beebettor.io
29712,benchify,"Benchify",Summer 2024,2024,benchify.com,benchify.ai,benchify.io
29749,biocartesian,"Biocartesian",Summer 2024,2024,biocartesian.com,biocartesian.ai,biocartesian.io
29982,bits-to-atoms,"Bits to Atoms",Summer 2024,2024,bitstoatoms.com,bitstoatoms.ai,bitstoatoms.io
29840,blaze-2,"Blaze",Summer 2024,2024,blaze.com,blaze.ai,blaze.io
29810,bluedoor,"bluedoor",Summer 2024,2024,bluedoor.com,bluedoor.ai,bluedoor.io
29775,brighterway,"Brighterway",Summer 2024,2024,brighterway.com,brighterway.ai,brighterway.io
29955,browseros,"BrowserOS",Summer 2024,2024,browseros.com,browseros.ai,browseros.io
29847,bucket-robotics,"Bucket Robotics",Summer 2024,2024,bucketrobotics.com,bucketrobotics.ai,bucketrobotics.io
29639,callback,"Callback",Summer 2024,2024,callback.com,callback.ai,callback.io
29688,camfer,"camfer",Summer 2024,2024,camfer.com,camfer.ai,camfer.io
29963,capitol-ai,"Capitol AI",Summer 2024,2024,capitolai.com,capitolai.ai,capitolai.io
29791,cartage,"Cartage",Summer 2024,2024,cartage.com,cartage.ai,cartage.io
29327,central,"Central",Summer 2024,2024,central.com,central.ai,central.io
29781,cerulion,"Cerulion",Summer 2024,2024,cerulion.com,cerulion.ai,cerulion.io
29582,cheers,"Cheers",Summer 2024,2024,cheers.com,cheers.ai,cheers.io
29613,claimsorted,"ClaimSorted",Summer 2024,2024,claimsorted.com,claimsorted.ai,claimsorted.io
29729,clearly-ai,"Clearly AI",Summer 2024,2024,clearlyai.com,clearlyai.ai,clearlyai.io
29665,cloudglue,"Cloudglue",Summer 2024,2024,cloudglue.com,cloudglue.ai,cloudglue.io
29719,cmux,"cmux",Summer 2024,2024,cmux.com,cmux.ai,cmux.io
29627,codes-health,"Codes Health",Summer 2024,2024,codeshealth.com,codeshealth.ai,codeshealth.io
29596,comfy-deploy,"Comfy Deploy",Summer 2024,2024,comfydeploy.com,comfydeploy.ai,comfydeploy.io
29989,conductor,"Conductor",Summer 2024,2024,conductor.com,conductor.ai,conductor.io
29754,conductor-quantum,"Conductor Quantum",Summer 2024,2024,conductorquantum.com,conductorquantum.ai,conductorquantum.io
29717,conveo,"Conveo",Summer 2024,2024,conveo.com,conveo.ai,conveo.io
29646,corgi-insurance,"Corgi Insurance",Summer 2024,2024,corgiinsurance.com,corgiinsurance.ai,corgiinsurance.io
29524,coval,"Coval",Summer 2024,2024,coval.com,coval.ai,coval.io
29716,creativemode,"CreativeMode",Summer 2024,2024,creativemode.com,creativemode.ai,creativemode.io
29703,d_model,"d_model",Summer 2024,2024,dmodel.com,dmodel.ai,dmodel.io
29807,dataleap,"Dataleap",Summer 2024,2024,dataleap.com,dataleap.ai,dataleap.io
29759,david-ai,"David AI",Summer 2024,2024,davidai.com,davidai.ai,davidai.io
29852,dayflow,"Dayflow",Summer 2024,2024,dayflow.com,dayflow.ai,dayflow.io
29655,decisional-ai,"Decisional AI",Summer 2024,2024,decisionalai.com,decisionalai.ai,decisionalai.io
29747,deepsilicon,"deepsilicon",Summer 2024,2024,deepsilicon.com,deepsilicon.ai,deepsilicon.io
29672,deepsim-inc,"DeepSim, Inc.",Summer 2024,2024,deepsiminc.com,deepsiminc.ai,deepsiminc.io
29695,dench-com,"Dench.com",Summer 2024,2024,denchcom.com,denchcom.ai,denchcom.io
29635,digitalcarbon,"DigitalCarbon",Summer 2024,2024,digitalcarbon.com,digitalcarbon.ai,digitalcarbon.io
29741,dimely,"Dimely",Summer 2024,2024,dimely.com,dimely.ai,dimely.io
29851,diode-computers-inc,"Diode Computers, Inc.",Summer 2024,2024,diodecomputersinc.com,diodecomputersinc.ai,diodecomputersinc.io
29761,distro,"Distro",Summer 2024,2024,distro.com,distro.ai,distro.io
29679,dodo,"Dodo",Summer 2024,2024,dodo.com,dodo.ai,dodo.io
29572,domu-technology-inc,"Domu Technology Inc.",Summer 2024,2024,domutechnologyinc.com,domutechnologyinc.ai,domutechnologyinc.io
29575,doublezero,"Doublezero",Summer 2024,2024,doublezero.com,doublezero.ai,doublezero.io
29828,draft-the-record,"Draft The Record",Summer 2024,2024,drafttherecord.com,drafttherecord.ai,drafttherecord.io
29990,dreamrp,"DreamRP",Summer 2024,2024,dreamrp.com,dreamrp.ai,dreamrp.io
29746,drillbit,"Drillbit",Summer 2024,2024,drillbit.com,drillbit.ai,drillbit.io
29605,educato,"Educato",Summer 2024,2024,educato.com,educato.ai,educato.io
29841,elayne,"Elayne",Summer 2024,2024,elayne.com,elayne.ai,elayne.io
29676,elevate-2,"Elevate",Summer 2024,2024,elevate.com,elevate.ai,elevate.io
29768,ember-robotics,"Ember Robotics",Summer 2024,2024,emberrobotics.com,emberrobotics.ai,emberrobotics.io
29765,emergent,"Emergent",Summer 2024,2024,emergent.com,emergent.ai,emergent.io
29623,entangl,"Entangl",Summer 2024,2024,entangl.com,entangl.ai,entangl.io
29818,entropy,"Entropy",Summer 2024,2024,entropy.com,entropy.ai,entropy.io
29856,et-al,"et al.",Summer 2024,2024,etal.com,etal.ai,etal.io
29475,evolvere-biosciences,"Evolvere BioSciences",Summer 2024,2024,evolverebiosciences.com,evolverebiosciences.ai,evolverebiosciences.io
29728,expand-ai,"expand.ai",Summer 2024,2024,expandai.com,expandai.ai,expandai.io
29711,fazeshift,"Fazeshift",Summer 2024,2024,fazeshift.com,fazeshift.ai,fazeshift.io
29952,ficra,"Ficra",Summer 2024,2024,ficra.com,ficra.ai,ficra.io
29735,finny-ai,"FINNY AI",Summer 2024,2024,finnyai.com,finnyai.ai,finnyai.io
29796,finosu,"Finosu",Summer 2024,2024,finosu.com,finosu.ai,finosu.io
29651,firstwork,"FirstWork",Summer 2024,2024,firstwork.com,firstwork.ai,firstwork.io
29637,flyflow,"Flyflow",Summer 2024,2024,flyflow.com,flyflow.ai,flyflow.io
29965,formula-insight,"Formula Insight",Summer 2024,2024,formulainsight.com,formulainsight.ai,formulainsight.io
29976,freestyle,"Freestyle",Summer 2024,2024,freestyle.com,freestyle.ai,freestyle.io
29349,fuse-2,"Fuse",Summer 2024,2024,fuse.com,fuse.ai,fuse.io
29693,gauge,"Gauge",Summer 2024,2024,gauge.com,gauge.ai,gauge.io
29586,glasskube,"Glasskube",Summer 2024,2024,glasskube.com,glasskube.ai,glasskube.io
29783,guardian-rf,"Guardian RF",Summer 2024,2024,guardianrf.com,guardianrf.ai,guardianrf.io
29610,hamming-ai,"Hamming AI",Summer 2024,2024,hammingai.com,hammingai.ai,hammingai.io
29805,handled,"Handled",Summer 2024,2024,handled.com,handled.ai,handled.io
29797,haystackeditor,"Haystack",Summer 2024,2024,haystack.com,haystack.ai,haystack.io
29799,helium,"Helium",Summer 2024,2024,helium.com,helium.ai,helium.io
29954,henry-2,"Henry",Summer 2024,2024,henry.com,henry.ai,henry.io
29800,heroui,"HeroUI",Summer 2024,2024,heroui.com,heroui.ai,heroui.io
29737,hestus-inc,"Hestus, Inc.",Summer 2024,2024,hestusinc.com,hestusinc.ai,hestusinc.io
29642,hexclave,"Hexclave",Summer 2024,2024,hexclave.com,hexclave.ai,hexclave.io
29953,hey-revia,"Hey Revia",Summer 2024,2024,heyrevia.com,heyrevia.ai,heyrevia.io
29660,hyrex,"Hyrex",Summer 2024,2024,hyrex.com,hyrex.ai,hyrex.io
29653,ideate-xyz,"ideate.xyz",Summer 2024,2024,ideatexyz.com,ideatexyz.ai,ideatexyz.io
29770,intryc,"Intryc",Summer 2024,2024,intryc.com,intryc.ai,intryc.io
29641,invaria,"Invaria",Summer 2024,2024,invaria.com,invaria.ai,invaria.io
29803,ionworks,"Ionworks",Summer 2024,2024,ionworks.com,ionworks.ai,ionworks.io
29715,kastle,"Kastle",Summer 2024,2024,kastle.com,kastle.ai,kastle.io
29854,keet,"Keet",Summer 2024,2024,keet.com,keet.ai,keet.io
29690,kenley,"Kenley",Summer 2024,2024,kenley.com,kenley.ai,kenley.io
29820,kontigo,"Kontigo",Summer 2024,2024,kontigo.com,kontigo.ai,kontigo.io
29714,kopra-bio,"Kopra Bio",Summer 2024,2024,koprabio.com,koprabio.ai,koprabio.io
29766,kura-ai,"Kura AI",Summer 2024,2024,kuraai.com,kuraai.ai,kuraai.io
29782,laminar,"Laminar",Summer 2024,2024,laminar.com,laminar.ai,laminar.io
29702,ledgerup,"LedgerUp",Summer 2024,2024,ledgerup.com,ledgerup.ai,ledgerup.io
29705,lighthouz-ai,"Lighthouz AI",Summer 2024,2024,lighthouzai.com,lighthouzai.ai,lighthouzai.io
29412,ligo-biosciences,"Ligo Biosciences",Summer 2024,2024,ligobiosciences.com,ligobiosciences.ai,ligobiosciences.io
29787,lilac-labs,"Lilac Labs",Summer 2024,2024,lilaclabs.com,lilaclabs.ai,lilaclabs.io
29685,joinlore,"Lore",Summer 2024,2024,lore.com,lore.ai,lore.io
29678,lucible,"Lucible",Summer 2024,2024,lucible.com,lucible.ai,lucible.io
29760,mage-legal,"Mage Legal",Summer 2024,2024,magelegal.com,magelegal.ai,magelegal.io
29736,magicode,"MagiCode",Summer 2024,2024,magicode.com,magicode.ai,magicode.io
29647,maitai,"Maitai",Summer 2024,2024,maitai.com,maitai.ai,maitai.io
29611,mdhub,"mdhub",Summer 2024,2024,mdhub.com,mdhub.ai,mdhub.io
29585,mem0,"Mem0",Summer 2024,2024,mem0.com,mem0.ai,mem0.io
29977,merlin-ai,"Merlin AI",Summer 2024,2024,merlinai.com,merlinai.ai,merlinai.io
29966,mica-ai,"Mica AI",Summer 2024,2024,micaai.com,micaai.ai,micaai.io
29980,midship,"Midship",Summer 2024,2024,midship.com,midship.ai,midship.io
29774,mineflow,"Mineflow",Summer 2024,2024,mineflow.com,mineflow.ai,mineflow.io
29687,minusx,"MinusX",Summer 2024,2024,minusx.com,minusx.ai,minusx.io
29569,miru-ml,"Miru",Summer 2024,2024,miru.com,miru.ai,miru.io
29706,mito-health,"Mito Health",Summer 2024,2024,mitohealth.com,mitohealth.ai,mitohealth.io
29704,modus,"Modus",Summer 2024,2024,modus.com,modus.ai,modus.io
29829,moreta,"Moreta",Summer 2024,2024,moreta.com,moreta.ai,moreta.io
29663,networkocean,"NetworkOcean",Summer 2024,2024,networkocean.com,networkocean.ai,networkocean.io
29853,no-logo,"No Logo",Summer 2024,2024,nologo.com,nologo.ai,nologo.io
29795,odo,"Odo",Summer 2024,2024,odo.com,odo.ai,odo.io
29675,offstream,"Offstream",Summer 2024,2024,offstream.com,offstream.ai,offstream.io
29822,omnidock,"omnidock",Summer 2024,2024,omnidock.com,omnidock.ai,omnidock.io
29724,ontra-mobility,"Ontra Mobility",Summer 2024,2024,ontramobility.com,ontramobility.ai,ontramobility.io
29751,opslane,"Opslane",Summer 2024,2024,opslane.com,opslane.ai,opslane.io
29826,orca-client,"Orca Client",Summer 2024,2024,orcaclient.com,orcaclient.ai,orcaclient.io
29969,orgorg,"OrgOrg",Summer 2024,2024,orgorg.com,orgorg.ai,orgorg.io
29992,outerport,"Outerport",Summer 2024,2024,outerport.com,outerport.ai,outerport.io
29387,overeasy,"Overeasy",Summer 2024,2024,overeasy.com,overeasy.ai,overeasy.io
29964,overlap,"Overlap",Summer 2024,2024,overlap.com,overlap.ai,overlap.io
29844,oway,"Oway",Summer 2024,2024,oway.com,oway.ai,oway.io
29789,paasa,"Paasa",Summer 2024,2024,paasa.com,paasa.ai,paasa.io
29786,palmier,"Palmier",Summer 2024,2024,palmier.com,palmier.ai,palmier.io
29721,panora,"Panora",Summer 2024,2024,panora.com,panora.ai,panora.io
29839,pap,"pap!",Summer 2024,2024,pap.com,pap.ai,pap.io
29684,parahelp,"Parahelp",Summer 2024,2024,parahelp.com,parahelp.ai,parahelp.io
29772,parley,"Parley",Summer 2024,2024,parley.com,parley.ai,parley.io
29968,patched,"Patched",Summer 2024,2024,patched.com,patched.ai,patched.io
29983,pathpilot,"PathPilot",Summer 2024,2024,pathpilot.com,pathpilot.ai,pathpilot.io
29755,pax,"Pax",Summer 2024,2024,pax.com,pax.ai,pax.io
29857,pharos,"Pharos",Summer 2024,2024,pharos.com,pharos.ai,pharos.io
29645,phonely,"Phonely",Summer 2024,2024,phonely.com,phonely.ai,phonely.io
29769,pinnacle,"Pinnacle",Summer 2024,2024,pinnacle.com,pinnacle.ai,pinnacle.io
29950,pipeshift,"Pipeshift",Summer 2024,2024,pipeshift.com,pipeshift.ai,pipeshift.io
29739,planbase,"Planbase",Summer 2024,2024,planbase.com,planbase.ai,planbase.io
29701,plume,"Plume",Summer 2024,2024,plume.com,plume.ai,plume.io
29251,poka-labs,"Poka Labs",Summer 2024,2024,pokalabs.com,pokalabs.ai,pokalabs.io
29821,polymet,"Polymet",Summer 2024,2024,polymet.com,polymet.ai,polymet.io
29778,praxos,"Praxos",Summer 2024,2024,praxos.com,praxos.ai,praxos.io
29608,pre,"Pre",Summer 2024,2024,pre.com,pre.ai,pre.io
29780,presti-ai,"Presti AI",Summer 2024,2024,prestiai.com,prestiai.ai,prestiai.io
29607,prohostai,"ProhostAI",Summer 2024,2024,prohostai.com,prohostai.ai,prohostai.io
29725,promi,"Promi",Summer 2024,2024,promi.com,promi.ai,promi.io
29815,propaya,"Propaya",Summer 2024,2024,propaya.com,propaya.ai,propaya.io
29668,proxis,"Proxis",Summer 2024,2024,proxis.com,proxis.ai,proxis.io
29699,pulse-3,"Pulse",Summer 2024,2024,pulse.com,pulse.ai,pulse.io
29833,quetzal,"Quetzal",Summer 2024,2024,quetzal.com,quetzal.ai,quetzal.io
29634,random-labs,"Random Labs",Summer 2024,2024,randomlabs.com,randomlabs.ai,randomlabs.io
29834,rastro,"Rastro",Summer 2024,2024,rastro.com,rastro.ai,rastro.io
29732,reactwise,"ReactWise",Summer 2024,2024,reactwise.com,reactwise.ai,reactwise.io
29740,redouble-ai,"Redouble AI",Summer 2024,2024,redoubleai.com,redoubleai.ai,redoubleai.io
29788,refactor,"Refactor",Summer 2024,2024,refactor.com,refactor.ai,refactor.io
29762,remade,"Remade",Summer 2024,2024,remade.com,remade.ai,remade.io
29837,rentflow,"RentFlow",Summer 2024,2024,rentflow.com,rentflow.ai,rentflow.io
29801,rescript,"Rescript",Summer 2024,2024,rescript.com,rescript.ai,rescript.io
29658,retrofix,"RetroFix",Summer 2024,2024,retrofix.com,retrofix.ai,retrofix.io
29667,rewbi,"Rewbi",Summer 2024,2024,rewbi.com,rewbi.ai,rewbi.io
29793,riskangle,"RiskAngle",Summer 2024,2024,riskangle.com,riskangle.ai,riskangle.io
29568,roger-2,"Roger",Summer 2024,2024,roger.com,roger.ai,roger.io
29951,rowboat-labs,"Rowboat Labs",Summer 2024,2024,rowboatlabs.com,rowboatlabs.ai,rowboatlabs.io
29682,runlocal-ai,"RunLocal AI",Summer 2024,2024,runlocalai.com,runlocalai.ai,runlocalai.io
29643,sagecare,"Sage Care",Summer 2024,2024,sagecare.com,sagecare.ai,sagecare.io
29848,saldor,"Saldor",Summer 2024,2024,saldor.com,saldor.ai,saldor.io
29588,saphira-ai,"Saphira AI",Summer 2024,2024,saphiraai.com,saphiraai.ai,saphiraai.io
29730,saturn,"Saturn",Summer 2024,2024,saturn.com,saturn.ai,saturn.io
29671,scape,"Scape",Summer 2024,2024,scape.com,scape.ai,scape.io
29776,schemeflow,"SchemeFlow",Summer 2024,2024,schemeflow.com,schemeflow.ai,schemeflow.io
29748,seals-ai,"Seals AI",Summer 2024,2024,sealsai.com,sealsai.ai,sealsai.io
29784,sensei,"Sensei",Summer 2024,2024,sensei.com,sensei.ai,sensei.io
29825,sepal-ai,"Sepal AI",Summer 2024,2024,sepalai.com,sepalai.ai,sepalai.io
29745,sharpe,"Sharpe",Summer 2024,2024,sharpe.com,sharpe.ai,sharpe.io
29661,silurian,"Silurian",Summer 2024,2024,silurian.com,silurian.ai,silurian.io
29978,simcare,"SimCare",Summer 2024,2024,simcare.com,simcare.ai,simcare.io
29785,simple-ai,"Simple AI",Summer 2024,2024,simpleai.com,simpleai.ai,simpleai.io
29296,simplex,"Simplex",Summer 2024,2024,simplex.com,simplex.ai,simplex.io
29773,soff,"Soff",Summer 2024,2024,soff.com,soff.ai,soff.io
29792,sonatoria,"Sonatoria",Summer 2024,2024,sonatoria.com,sonatoria.ai,sonatoria.io
29650,sorcerer,"Sorcerer",Summer 2024,2024,sorcerer.com,sorcerer.ai,sorcerer.io
29597,spaceium-inc,"Spaceium Inc",Summer 2024,2024,spaceiuminc.com,spaceiuminc.ai,spaceiuminc.io
29570,spherecast,"Spherecast",Summer 2024,2024,spherecast.com,spherecast.ai,spherecast.io
29474,spur,"Spur",Summer 2024,2024,spur.com,spur.ai,spur.io
29808,starcloud,"Starcloud",Summer 2024,2024,starcloud.com,starcloud.ai,starcloud.io
29654,stardrift,"Stardrift",Summer 2024,2024,stardrift.com,stardrift.ai,stardrift.io
29756,stempad,"Stempad",Summer 2024,2024,stempad.com,stempad.ai,stempad.io
29673,storia-ai,"Storia AI",Summer 2024,2024,storiaai.com,storiaai.ai,storiaai.io
29709,substrate,"Substrate",Summer 2024,2024,substrate.com,substrate.ai,substrate.io
29574,superunit,"Superunit",Summer 2024,2024,superunit.com,superunit.ai,superunit.io
29850,surebright,"SureBright",Summer 2024,2024,surebright.com,surebright.ai,surebright.io
29591,synnax,"Synnax",Summer 2024,2024,synnax.com,synnax.ai,synnax.io
29987,syntra,"Syntra",Summer 2024,2024,syntra.com,syntra.ai,syntra.io
29640,tabula,"Tabula",Summer 2024,2024,tabula.com,tabula.ai,tabula.io
29691,tandem-2,"Tandem",Summer 2024,2024,tandem.com,tandem.ai,tandem.io
29710,taxgpt,"TaxGPT",Summer 2024,2024,taxgpt.com,taxgpt.ai,taxgpt.io
29779,the-forecasting-company,"The Forecasting Company",Summer 2024,2024,theforecastingcompany.com,theforecastingcompany.ai,theforecastingcompany.io
29708,the-synthesis-company,"The Synthesis Company",Summer 2024,2024,thesynthesiscompany.com,thesynthesiscompany.ai,thesynthesiscompany.io
29589,theseus,"Theseus",Summer 2024,2024,theseus.com,theseus.ai,theseus.io
29767,thunder-compute,"Thunder Compute",Summer 2024,2024,thundercompute.com,thundercompute.ai,thundercompute.io
29804,thyme,"Thyme",Summer 2024,2024,thyme.com,thyme.ai,thyme.io
29689,tivara,"Tivara",Summer 2024,2024,tivara.com,tivara.ai,tivara.io
29836,tradeflow,"TradeFlow",Summer 2024,2024,tradeflow.com,tradeflow.ai,tradeflow.io
29830,typa,"Typa",Summer 2024,2024,typa.com,typa.ai,typa.io
29557,ultra,"Ultra",Summer 2024,2024,ultra.com,ultra.ai,ultra.io
29659,unbound,"Unbound",Summer 2024,2024,unbound.com,unbound.ai,unbound.io
29573,undermind,"Undermind",Summer 2024,2024,undermind.com,undermind.ai,undermind.io
29579,understood-care,"Understood Care",Summer 2024,2024,understoodcare.com,understoodcare.ai,understoodcare.io
29633,unsloth-ai,"Unsloth AI",Summer 2024,2024,unslothai.com,unslothai.ai,unslothai.io
29849,usul,"Usul",Summer 2024,2024,usul.com,usul.ai,usul.io
29814,vendra,"Vendra",Summer 2024,2024,vendra.com,vendra.ai,vendra.io
29858,vera-health,"Vera Health",Summer 2024,2024,verahealth.com,verahealth.ai,verahealth.io
29734,vibe,"Vibe",Summer 2024,2024,vibe.com,vibe.ai,vibe.io
29644,videogen,"VideoGen",Summer 2024,2024,videogen.com,videogen.ai,videogen.io
29967,village-labs,"Village Labs",Summer 2024,2024,villagelabs.com,villagelabs.ai,villagelabs.io
29960,void,"Void",Summer 2024,2024,void.com,void.ai,void.io
29835,voker,"Voker",Summer 2024,2024,voker.com,voker.ai,voker.io
29692,weave-robotics,"Weave Robotics",Summer 2024,2024,weaverobotics.com,weaverobotics.ai,weaverobotics.io
29819,weel,"Weel",Summer 2024,2024,weel.com,weel.ai,weel.io
29750,winfunc,"winfunc",Summer 2024,2024,winfunc.com,winfunc.ai,winfunc.io
29649,wordware,"Wordware",Summer 2024,2024,wordware.com,wordware.ai,wordware.io
29956,xtraffic,"XTraffic",Summer 2024,2024,xtraffic.com,xtraffic.ai,xtraffic.io
29764,zeit-ai,"Zeit AI",Summer 2024,2024,zeitai.com,zeitai.ai,zeitai.io
29812,zeropath,"ZeroPath",Summer 2024,2024,zeropath.com,zeropath.ai,zeropath.io
29777,zettascale,"Zettascale",Summer 2024,2024,zettascale.com,zettascale.ai,zettascale.io
29731,zoa-research,"Zoa Research",Summer 2024,2024,zoaresearch.com,zoaresearch.ai,zoaresearch.io
29670,zuni,"Zuni",Summer 2024,2024,zuni.com,zuni.ai,zuni.io
29532,angstrom-ai,"Ångström AI",Summer 2024,2024,angstromai.com,angstromai.ai,angstromai.io
29391,abel,"Abel",Winter 2024,2024,abel.com,abel.ai,abel.io
29443,adapted,"Adapted",Winter 2024,2024,adapted.com,adapted.ai,adapted.io
29358,aedilic,"Aedilic",Winter 2024,2024,aedilic.com,aedilic.ai,aedilic.io
29383,aftercare,"Aftercare",Winter 2024,2024,aftercare.com,aftercare.ai,aftercare.io
29275,agentic-labs-2,"Agentic Labs",Winter 2024,2024,agenticlabs.com,agenticlabs.ai,agenticlabs.io
29272,aidy,"Aidy",Winter 2024,2024,aidy.com,aidy.ai,aidy.io
29420,alai,"Alai",Winter 2024,2024,alai.com,alai.ai,alai.io
29263,alex-com,"Alex",Winter 2024,2024,alex.com,alex.ai,alex.io
29253,andon-labs,"Andon Labs",Winter 2024,2024,andonlabs.com,andonlabs.ai,andonlabs.io
29386,andy-ai,"Andy AI",Winter 2024,2024,andyai.com,andyai.ai,andyai.io
29450,aqua-voice,"Aqua Voice",Winter 2024,2024,aquavoice.com,aquavoice.ai,aquavoice.io
29464,arcane,"Arcane",Winter 2024,2024,arcane.com,arcane.ai,arcane.io
29267,argon-ai-inc,"Argon AI, Inc.",Winter 2024,2024,argonaiinc.com,argonaiinc.ai,argonaiinc.io
29288,arini,"Arini",Winter 2024,2024,arini.com,arini.ai,arini.io
29295,artisan,"Artisan",Winter 2024,2024,artisan.com,artisan.ai,artisan.io
29411,artos,"Artos",Winter 2024,2024,artos.com,artos.ai,artos.io
29369,astro-mechanica,"Astro Mechanica",Winter 2024,2024,astromechanica.com,astromechanica.ai,astromechanica.io
29308,atopile,"atopile",Winter 2024,2024,atopile.com,atopile.ai,atopile.io
29315,attunement,"Attunement",Winter 2024,2024,attunement.com,attunement.ai,attunement.io
29284,averyiq,"AveryIQ",Winter 2024,2024,averyiq.com,averyiq.ai,averyiq.io
29277,basalt,"Basalt",Winter 2024,2024,basalt.com,basalt.ai,basalt.io
29451,basepilot,"Basepilot",Winter 2024,2024,basepilot.com,basepilot.ai,basepilot.io
29409,betterbasket,"BetterBasket",Winter 2024,2024,betterbasket.com,betterbasket.ai,betterbasket.io
29373,bilanc,"Bilanc",Winter 2024,2024,bilanc.com,bilanc.ai,bilanc.io
29430,bitesight,"BiteSight",Winter 2024,2024,bitesight.com,bitesight.ai,bitesight.io
29509,blacksmith,"Blacksmith",Winter 2024,2024,blacksmith.com,blacksmith.ai,blacksmith.io
29307,blume-benefits,"Blume Benefits",Winter 2024,2024,blumebenefits.com,blumebenefits.ai,blumebenefits.io
29417,brainbase-labs,"Brainbase Labs",Winter 2024,2024,brainbaselabs.com,brainbaselabs.ai,brainbaselabs.io
29281,breez-labs,"Breez Labs",Winter 2024,2024,breezlabs.com,breezlabs.ai,breezlabs.io
29370,browser-buddy,"Browser Buddy",Winter 2024,2024,browserbuddy.com,browserbuddy.ai,browserbuddy.io
29439,camelai,"camelAI",Winter 2024,2024,camelai.com,camelai.ai,camelai.io
29376,carma,"Carma",Winter 2024,2024,carma.com,carma.ai,carma.io
29276,carousel-technologies,"Carousel Technologies",Winter 2024,2024,carouseltechnologies.com,carouseltechnologies.ai,carouseltechnologies.io
29320,celest,"Celest",Winter 2024,2024,celest.com,celest.ai,celest.io
29399,centauri-ai,"Centauri AI",Winter 2024,2024,centauriai.com,centauriai.ai,centauriai.io
29356,centralize,"Centralize",Winter 2024,2024,centralize.com,centralize.ai,centralize.io
29408,circleback,"Circleback",Winter 2024,2024,circleback.com,circleback.ai,circleback.io
29339,clarion,"Clarion",Winter 2024,2024,clarion.com,clarion.ai,clarion.io
29395,clarum,"Clarum",Winter 2024,2024,clarum.com,clarum.ai,clarum.io
29414,cleva,"Cleva",Winter 2024,2024,cleva.com,cleva.ai,cleva.io
29317,cloudcruise,"CloudCruise",Winter 2024,2024,cloudcruise.com,cloudcruise.ai,cloudcruise.io
29481,cocrafter,"CoCrafter",Winter 2024,2024,cocrafter.com,cocrafter.ai,cocrafter.io
29368,codeant-ai,"CodeAnt AI",Winter 2024,2024,codeantai.com,codeantai.ai,codeantai.io
29455,commodityai,"CommodityAI",Winter 2024,2024,commodityai.com,commodityai.ai,commodityai.io
29380,conduit-ai,"Conduit",Winter 2024,2024,conduit.com,conduit.ai,conduit.io
29338,consul,"Consul",Winter 2024,2024,consul.com,consul.ai,consul.io
29306,copper-health,"Copper Health",Winter 2024,2024,copperhealth.com,copperhealth.ai,copperhealth.io
29207,cora,"Cora",Winter 2024,2024,cora.com,cora.ai,cora.io
29354,crmcopilot,"crmCopilot",Winter 2024,2024,crmcopilot.com,crmcopilot.ai,crmcopilot.io
29508,crowdvolt,"CrowdVolt",Winter 2024,2024,crowdvolt.com,crowdvolt.ai,crowdvolt.io
29457,datacurve,"Datacurve",Winter 2024,2024,datacurve.com,datacurve.ai,datacurve.io
29334,decipher-ai,"Decipher AI",Winter 2024,2024,decipherai.com,decipherai.ai,decipherai.io
29422,deep24,"Deep24",Winter 2024,2024,deep24.com,deep24.ai,deep24.io
29447,deepnight,"Deepnight",Winter 2024,2024,deepnight.com,deepnight.ai,deepnight.io
29271,dgi-apparel,"DGI Apparel",Winter 2024,2024,dgiapparel.com,dgiapparel.ai,dgiapparel.io
29404,diana,"Diana",Winter 2024,2024,diana.com,diana.ai,diana.io
29364,dime-2,"Dime",Winter 2024,2024,dime.com,dime.ai,dime.io
29436,downlink,"Downlink",Winter 2024,2024,downlink.com,downlink.ai,downlink.io
29367,draftaid,"Draftaid",Winter 2024,2024,draftaid.com,draftaid.ai,draftaid.io
29503,dragoneye,"Dragoneye",Winter 2024,2024,dragoneye.com,dragoneye.ai,dragoneye.io
29179,driver,"Driver",Winter 2024,2024,driver.com,driver.ai,driver.io
29518,dropback,"Dropback",Winter 2024,2024,dropback.com,dropback.ai,dropback.io
29184,drymerge,"DryMerge",Winter 2024,2024,drymerge.com,drymerge.ai,drymerge.io
29238,duckie,"Duckie",Winter 2024,2024,duckie.com,duckie.ai,duckie.io
29299,ecliptor,"Ecliptor",Winter 2024,2024,ecliptor.com,ecliptor.ai,ecliptor.io
29396,edgetrace,"EdgeTrace",Winter 2024,2024,edgetrace.com,edgetrace.ai,edgetrace.io
29297,eggnog,"Eggnog",Winter 2024,2024,eggnog.com,eggnog.ai,eggnog.io
29205,ego,"ego",Winter 2024,2024,ego.com,ego.ai,ego.io
29365,ellipsis,"Ellipsis",Winter 2024,2024,ellipsis.com,ellipsis.ai,ellipsis.io
29381,elodin,"Elodin",Winter 2024,2024,elodin.com,elodin.ai,elodin.io
29311,engines,"Engines",Winter 2024,2024,engines.com,engines.ai,engines.io
29470,eris-biotech,"Eris Biotech",Winter 2024,2024,erisbiotech.com,erisbiotech.ai,erisbiotech.io
29350,feldy,"Feldy",Winter 2024,2024,feldy.com,feldy.ai,feldy.io
29449,fileforge,"Fileforge",Winter 2024,2024,fileforge.com,fileforge.ai,fileforge.io
29352,firebender,"Firebender",Winter 2024,2024,firebender.com,firebender.ai,firebender.io
29400,floatingpoint,"floatingpoint",Winter 2024,2024,floatingpoint.com,floatingpoint.ai,floatingpoint.io
29452,fluently,"Fluently",Winter 2024,2024,fluently.com,fluently.ai,fluently.io
29416,focal,"Focal",Winter 2024,2024,focal.com,focal.ai,focal.io
29499,forge,"Forge",Winter 2024,2024,forge.com,forge.ai,forge.io
29519,forge-rewards,"Forge Rewards",Winter 2024,2024,forgerewards.com,forgerewards.ai,forgerewards.io
29274,fractal-labs,"Fractal Labs",Winter 2024,2024,fractallabs.com,fractallabs.ai,fractallabs.io
29290,furtherai,"FurtherAI",Winter 2024,2024,furtherai.com,furtherai.ai,furtherai.io
29269,garage-2,"Garage",Winter 2024,2024,garage.com,garage.ai,garage.io
29513,getcrux,"GetCrux",Winter 2024,2024,getcrux.com,getcrux.ai,getcrux.io
29415,givefront,"Givefront",Winter 2024,2024,givefront.com,givefront.ai,givefront.io
29322,glimmer,"Glimmer",Winter 2024,2024,glimmer.com,glimmer.ai,glimmer.io
29341,gloglo,"GloGlo",Winter 2024,2024,gloglo.com,gloglo.ai,gloglo.io
28896,governgpt,"GovernGPT",Winter 2024,2024,governgpt.com,governgpt.ai,governgpt.io
29485,granza-bio,"Granza Bio",Winter 2024,2024,granzabio.com,granzabio.ai,granzabio.io
29298,greenboard,"Greenboard",Winter 2024,2024,greenboard.com,greenboard.ai,greenboard.io
29226,greptile,"Greptile",Winter 2024,2024,greptile.com,greptile.ai,greptile.io
29328,guide-labs,"Guide Labs",Winter 2024,2024,guidelabs.com,guidelabs.ai,guidelabs.io
29180,gumloop,"Gumloop",Winter 2024,2024,gumloop.com,gumloop.ai,gumloop.io
29484,haplotype-labs,"Haplotype Labs",Winter 2024,2024,haplotypelabs.com,haplotypelabs.ai,haplotypelabs.io
29233,happenstance,"Happenstance",Winter 2024,2024,happenstance.com,happenstance.ai,happenstance.io
29433,hatchet-run,"Hatchet",Winter 2024,2024,hatchet.com,hatchet.ai,hatchet.io
29385,hazel-2,"Hazel",Winter 2024,2024,hazel.com,hazel.ai,hazel.io
29483,healia,"Healia",Winter 2024,2024,healia.com,healia.ai,healia.io
29403,heartbyte,"HeartByte",Winter 2024,2024,heartbyte.com,heartbyte.ai,heartbyte.io
29533,indemni,"Indemni",Winter 2024,2024,indemni.com,indemni.ai,indemni.io
29343,infinity,"Infinity",Winter 2024,2024,infinity.com,infinity.ai,infinity.io
29342,inquery-2,"InQuery",Winter 2024,2024,inquery.com,inquery.ai,inquery.io
29511,inspectmind-ai,"InspectMind AI",Winter 2024,2024,inspectmindai.com,inspectmindai.ai,inspectmindai.io
29498,integuru,"Integuru",Winter 2024,2024,integuru.com,integuru.ai,integuru.io
29239,ion-design,"ion design",Winter 2024,2024,iondesign.com,iondesign.ai,iondesign.io
29476,junction-bioscience,"Junction Bioscience",Winter 2024,2024,junctionbioscience.com,junctionbioscience.ai,junctionbioscience.io
29407,justai,"JustAI",Winter 2024,2024,justai.com,justai.ai,justai.io
29523,k-scale-labs,"K-Scale Labs",Winter 2024,2024,kscalelabs.com,kscalelabs.ai,kscalelabs.io
29245,kabilah,"Kabilah",Winter 2024,2024,kabilah.com,kabilah.ai,kabilah.io
29507,kater-ai,"kater.ai",Winter 2024,2024,katerai.com,katerai.ai,katerai.io
29270,keystroke,"Keystroke",Winter 2024,2024,keystroke.com,keystroke.ai,keystroke.io
29178,lantern-2,"Lantern",Winter 2024,2024,lantern.com,lantern.ai,lantern.io
29501,latted,"Latted",Winter 2024,2024,latted.com,latted.ai,latted.io
29278,leaping,"Leaping",Winter 2024,2024,leaping.com,leaping.ai,leaping.io
29201,legora,"Legora",Winter 2024,2024,legora.com,legora.ai,legora.io
29333,lemonslice,"LemonSlice",Winter 2024,2024,lemonslice.com,lemonslice.ai,lemonslice.io
29314,lucite,"Lucite",Winter 2024,2024,lucite.com,lucite.ai,lucite.io
29419,lumetric,"Lumetric",Winter 2024,2024,lumetric.com,lumetric.ai,lumetric.io
29459,lumona,"Lumona",Winter 2024,2024,lumona.com,lumona.ai,lumona.io
29461,magic-hour,"Magic Hour",Winter 2024,2024,magichour.com,magichour.ai,magichour.io
29252,maia,"Maia",Winter 2024,2024,maia.com,maia.ai,maia.io
29261,malibou,"malibou",Winter 2024,2024,malibou.com,malibou.ai,malibou.io
29268,mango-health,"Mango Health",Winter 2024,2024,mangohealth.com,mangohealth.ai,mangohealth.io
29397,manifold-freight,"Manifold Freight",Winter 2024,2024,manifoldfreight.com,manifoldfreight.ai,manifoldfreight.io
29456,marblism,"Marblism",Winter 2024,2024,marblism.com,marblism.ai,marblism.io
29522,marr-labs,"Marr Labs",Winter 2024,2024,marrlabs.com,marrlabs.ai,marrlabs.io
29506,mathos,"Mathos",Winter 2024,2024,mathos.com,mathos.ai,mathos.io
29319,meticulate,"Meticulate",Winter 2024,2024,meticulate.com,meticulate.ai,meticulate.io
29366,metofico,"Metofico",Winter 2024,2024,metofico.com,metofico.ai,metofico.io
29453,miden,"Miden",Winter 2024,2024,miden.com,miden.ai,miden.io
29516,million,"Million",Winter 2024,2024,million.com,million.ai,million.io
29410,model-ml,"Model ML",Winter 2024,2024,modelml.com,modelml.ai,modelml.io
29256,momentic,"Momentic",Winter 2024,2024,momentic.com,momentic.ai,momentic.io
29326,monumint,"Monumint",Winter 2024,2024,monumint.com,monumint.ai,monumint.io
29355,nanocorp,"NanoCorp",Winter 2024,2024,nanocorp.com,nanocorp.ai,nanocorp.io
29183,navier-ai,"Navier AI",Winter 2024,2024,navierai.com,navierai.ai,navierai.io
29266,ncompass-technologies,"nCompass Technologies",Winter 2024,2024,ncompasstechnologies.com,ncompasstechnologies.ai,ncompasstechnologies.io
29259,newton,"Newton",Winter 2024,2024,newton.com,newton.ai,newton.io
29249,nuanced,"Nuanced",Winter 2024,2024,nuanced.com,nuanced.ai,nuanced.io
29294,octolane-ai,"Octolane AI",Winter 2024,2024,octolaneai.com,octolaneai.ai,octolaneai.io
29442,ocular-ai,"Ocular AI",Winter 2024,2024,ocularai.com,ocularai.ai,ocularai.io
29473,oddsview,"OddsView",Winter 2024,2024,oddsview.com,oddsview.ai,oddsview.io
29390,offdeal,"OffDeal",Winter 2024,2024,offdeal.com,offdeal.ai,offdeal.io
29413,oma-care,"Oma Care",Winter 2024,2024,omacare.com,omacare.ai,omacare.io
29312,onegrep,"OneGrep",Winter 2024,2024,onegrep.com,onegrep.ai,onegrep.io
29177,onyx,"Onyx",Winter 2024,2024,onyx.com,onyx.ai,onyx.io
29360,open,"Open",Winter 2024,2024,open.com,open.ai,open.io
29394,opencall,"Opencall",Winter 2024,2024,opencall.com,opencall.ai,opencall.io
29466,openfoundry,"OpenFoundry",Winter 2024,2024,openfoundry.com,openfoundry.ai,openfoundry.io
29424,openmart,"Openmart",Winter 2024,2024,openmart.com,openmart.ai,openmart.io
29345,pandasai,"PandasAI",Winter 2024,2024,pandasai.com,pandasai.ai,pandasai.io
29303,panelytic,"Panelytic",Winter 2024,2024,panelytic.com,panelytic.ai,panelytic.io
29287,paradigm,"Paradigm",Winter 2024,2024,paradigm.com,paradigm.ai,paradigm.io
29348,parallel,"Parallel",Winter 2024,2024,parallel.com,parallel.ai,parallel.io
29527,parcelbio,"ParcelBio",Winter 2024,2024,parcelbio.com,parcelbio.ai,parcelbio.io
29309,partnerhq,"PartnerHQ",Winter 2024,2024,partnerhq.com,partnerhq.ai,partnerhq.io
29285,patchwork,"Patchwork",Winter 2024,2024,patchwork.com,patchwork.ai,patchwork.io
29362,pazi,"Pazi",Winter 2024,2024,pazi.com,pazi.ai,pazi.io
29463,penciled,"Penciled",Winter 2024,2024,penciled.com,penciled.ai,penciled.io
29477,piramidal,"Piramidal",Winter 2024,2024,piramidal.com,piramidal.ai,piramidal.io
29273,pivot-robotics,"Pivot Robotics",Winter 2024,2024,pivotrobotics.com,pivotrobotics.ai,pivotrobotics.io
29286,pointone,"PointOne",Winter 2024,2024,pointone.com,pointone.ai,pointone.io
29465,polar,"Polar",Winter 2024,2024,polar.com,polar.ai,polar.io
29332,polished,"Polished",Winter 2024,2024,polished.com,polished.ai,polished.io
29467,powder,"Powder",Winter 2024,2024,powder.com,powder.ai,powder.io
29247,precip,"Precip",Winter 2024,2024,precip.com,precip.ai,precip.io
29375,preloop,"Preloop",Winter 2024,2024,preloop.com,preloop.ai,preloop.io
29265,pretzel-ai,"Pretzel AI",Winter 2024,2024,pretzelai.com,pretzelai.ai,pretzelai.io
29324,promptarmor,"PromptArmor",Winter 2024,2024,promptarmor.com,promptarmor.ai,promptarmor.io
29398,prosights,"ProSights",Winter 2024,2024,prosights.com,prosights.ai,prosights.io
29260,quary,"Quary",Winter 2024,2024,quary.com,quary.ai,quary.io
29504,quivr,"Quivr",Winter 2024,2024,quivr.com,quivr.ai,quivr.io
29189,radmate-ai,"RadMate AI",Winter 2024,2024,radmateai.com,radmateai.ai,radmateai.io
29401,raindrop,"Raindrop",Winter 2024,2024,raindrop.com,raindrop.ai,raindrop.io
29254,reducto,"Reducto",Winter 2024,2024,reducto.com,reducto.ai,reducto.io
29478,reform,"Reform",Winter 2024,2024,reform.com,reform.ai,reform.io
29185,relari,"Relari",Winter 2024,2024,relari.com,relari.ai,relari.io
29502,renderlet,"renderlet",Winter 2024,2024,renderlet.com,renderlet.ai,renderlet.io
29512,reprompt,"Reprompt",Winter 2024,2024,reprompt.com,reprompt.ai,reprompt.io
29353,resonance,"Resonance",Winter 2024,2024,resonance.com,resonance.ai,resonance.io
29325,respan,"Respan",Winter 2024,2024,respan.com,respan.ai,respan.io
29517,retailready,"RetailReady",Winter 2024,2024,retailready.com,retailready.ai,retailready.io
29441,retell-ai,"Retell AI",Winter 2024,2024,retellai.com,retellai.ai,retellai.io
29405,risotto,"Risotto",Winter 2024,2024,risotto.com,risotto.ai,risotto.io
29291,roe,"ROE",Winter 2024,2024,roe.com,roe.ai,roe.io
29440,rove,"Rove",Winter 2024,2024,rove.com,rove.ai,rove.io
29460,ryse,"Ryse",Winter 2024,2024,ryse.com,ryse.ai,ryse.io
29258,saga-ai,"Saga AI",Winter 2024,2024,sagaai.com,sagaai.ai,sagaai.io
29372,sagaland,"Sagaland",Winter 2024,2024,sagaland.com,sagaland.ai,sagaland.io
29357,salvy,"Salvy",Winter 2024,2024,salvy.com,salvy.ai,salvy.io
29418,sample,"Sample",Winter 2024,2024,sample.com,sample.ai,sample.io
29336,cpgscout,"Scout",Winter 2024,2024,scout.com,scout.ai,scout.io
29196,scritch,"Scritch",Winter 2024,2024,scritch.com,scritch.ai,scritch.io
29313,selera-medical,"Selera Medical",Winter 2024,2024,seleramedical.com,seleramedical.ai,seleramedical.io
29471,senso,"Senso",Winter 2024,2024,senso.com,senso.ai,senso.io
29432,shepherd-2,"Shepherd",Winter 2024,2024,shepherd.com,shepherd.ai,shepherd.io
29384,shiboleth,"Shiboleth",Winter 2024,2024,shiboleth.com,shiboleth.ai,shiboleth.io
29472,silogy,"Silogy",Winter 2024,2024,silogy.com,silogy.ai,silogy.io
29363,solari-ai,"Solari AI",Winter 2024,2024,solariai.com,solariai.ai,solariai.io
29431,sonauto,"Sonauto",Winter 2024,2024,sonauto.com,sonauto.ai,sonauto.io
29244,sonia,"Sonia",Winter 2024,2024,sonia.com,sonia.ai,sonia.io
29382,soundry-ai,"Soundry AI",Winter 2024,2024,soundryai.com,soundryai.ai,soundryai.io
29438,spark,"Spark",Winter 2024,2024,spark.com,spark.ai,spark.io
29330,speck,"Speck",Winter 2024,2024,speck.com,speck.ai,speck.io
29434,stacksync,"Stacksync",Winter 2024,2024,stacksync.com,stacksync.ai,stacksync.io
29318,starjar,"StarJar",Winter 2024,2024,starjar.com,starjar.ai,starjar.io
29206,stitch-technologies,"Stitch Technologies",Winter 2024,2024,stitchtechnologies.com,stitchtechnologies.ai,stitchtechnologies.io
29374,superagent,"Superagent",Winter 2024,2024,superagent.com,superagent.ai,superagent.io
29293,suretynow,"SuretyNow",Winter 2024,2024,suretynow.com,suretynow.ai,suretynow.io
29346,sync-2,"sync.",Winter 2024,2024,sync.com,sync.ai,sync.io
29305,synsorybio,"SynsoryBio",Winter 2024,2024,synsorybio.com,synsorybio.ai,synsorybio.io
29340,tamarind-bio,"Tamarind Bio",Winter 2024,2024,tamarindbio.com,tamarindbio.ai,tamarindbio.io
29241,tekton-dynamics,"Tekton Dynamics",Winter 2024,2024,tektondynamics.com,tektondynamics.ai,tektondynamics.io
29435,terrakotta,"Terrakotta",Winter 2024,2024,terrakotta.com,terrakotta.ai,terrakotta.io
29186,tesseral,"Tesseral",Winter 2024,2024,tesseral.com,tesseral.ai,tesseral.io
29500,the-new-money-company,"The New Money Company",Winter 2024,2024,thenewmoneycompany.com,thenewmoneycompany.ai,thenewmoneycompany.io
29421,thorntale,"Thorntale",Winter 2024,2024,thorntale.com,thorntale.ai,thorntale.io
29377,toma,"Toma",Winter 2024,2024,toma.com,toma.ai,toma.io
29335,toolify,"Toolify",Winter 2024,2024,toolify.com,toolify.ai,toolify.io
29301,topo,"Topo",Winter 2024,2024,topo.com,topo.ai,topo.io
29505,tower,"Tower",Winter 2024,2024,tower.com,tower.ai,tower.io
29246,tracecat,"Tracecat",Winter 2024,2024,tracecat.com,tracecat.ai,tracecat.io
29300,trellis-ai,"Trellis AI",Winter 2024,2024,trellisai.com,trellisai.ai,trellisai.io
29379,trieve,"Trieve",Winter 2024,2024,trieve.com,trieve.ai,trieve.io
29423,triply,"Triply",Winter 2024,2024,triply.com,triply.ai,triply.io
29482,trueclaim,"TrueClaim",Winter 2024,2024,trueclaim.com,trueclaim.ai,trueclaim.io
29257,tuesday-labs,"Tuesday Labs",Winter 2024,2024,tuesdaylabs.com,tuesdaylabs.ai,tuesdaylabs.io
29310,tusk,"Tusk",Winter 2024,2024,tusk.com,tusk.ai,tusk.io
29231,ubicloud,"Ubicloud",Winter 2024,2024,ubicloud.com,ubicloud.ai,ubicloud.io
29182,upsolve-ai,"Upsolve AI",Winter 2024,2024,upsolveai.com,upsolveai.ai,upsolveai.io
29454,veles,"Veles",Winter 2024,2024,veles.com,veles.ai,veles.io
29429,velorum-therapeutics,"Velorum Therapeutics",Winter 2024,2024,velorumtherapeutics.com,velorumtherapeutics.ai,velorumtherapeutics.io
29302,verse-therapy,"Verse Therapy",Winter 2024,2024,versetherapy.com,versetherapy.ai,versetherapy.io
29347,vibrant-labs,"Vibrant Labs",Winter 2024,2024,vibrantlabs.com,vibrantlabs.ai,vibrantlabs.io
29444,vista-power,"Vista Power",Winter 2024,2024,vistapower.com,vistapower.ai,vistapower.io
29393,voicepanel,"Voicepanel",Winter 2024,2024,voicepanel.com,voicepanel.ai,voicepanel.io
29496,voxops-ai,"VoxOps AI",Winter 2024,2024,voxopsai.com,voxopsai.ai,voxopsai.io
29283,wavelength,"Wavelength",Winter 2024,2024,wavelength.com,wavelength.ai,wavelength.io
29378,whip,"Whip",Winter 2024,2024,whip.com,whip.ai,whip.io
29361,wuri,"Wuri",Winter 2024,2024,wuri.com,wuri.ai,wuri.io
29448,xpay,"xPay",Winter 2024,2024,xpay.com,xpay.ai,xpay.io
29510,yarn-2,"Yarn",Winter 2024,2024,yarn.com,yarn.ai,yarn.io
28965,yenmo,"Yenmo",Winter 2024,2024,yenmo.com,yenmo.ai,yenmo.io
29402,yondu,"Yondu",Winter 2024,2024,yondu.com,yondu.ai,yondu.io
29304,yoneda-labs,"Yoneda Labs",Winter 2024,2024,yonedalabs.com,yonedalabs.ai,yonedalabs.io
29323,zaymo,"Zaymo",Winter 2024,2024,zaymo.com,zaymo.ai,zaymo.io
29425,zep-ai,"Zep AI",Winter 2024,2024,zepai.com,zepai.ai,zepai.io
30958,absurd,"Absurd",Fall 2025,2025,absurd.com,absurd.ai,absurd.io
30837,aircaps,"AirCaps",Fall 2025,2025,aircaps.com,aircaps.ai,aircaps.io
30910,aleph-lab,"Aleph Lab",Fall 2025,2025,alephlab.com,alephlab.ai,alephlab.io
30895,allus-ai,"Allus AI",Fall 2025,2025,allusai.com,allusai.ai,allusai.io
30992,amera,"Amera",Fall 2025,2025,amera.com,amera.ai,amera.io
31010,amika,"Amika",Fall 2025,2025,amika.com,amika.ai,amika.io
30890,answerthis,"AnswerThis",Fall 2025,2025,answerthis.com,answerthis.ai,answerthis.io
30999,antigen,"Antigen",Fall 2025,2025,antigen.com,antigen.ai,antigen.io
30937,anto-biosciences,"Anto Biosciences",Fall 2025,2025,antobiosciences.com,antobiosciences.ai,antobiosciences.io
30943,aside,"Aside",Fall 2025,2025,aside.com,aside.ai,aside.io
30857,aspect-inc,"Aspect",Fall 2025,2025,aspect.com,aspect.ai,aspect.io
30882,atlasgrid,"AtlasGrid",Fall 2025,2025,atlasgrid.com,atlasgrid.ai,atlasgrid.io
30956,automax-ai,"Automax.ai",Fall 2025,2025,automaxai.com,automaxai.ai,automaxai.io
30591,autonomous-technologies-group,"Autonomous Technologies Group",Fall 2025,2025,autonomoustechnologiesgroup.com,autonomoustechnologiesgroup.ai,autonomoustechnologiesgroup.io
30996,axial,"Axial",Fall 2025,2025,axial.com,axial.ai,axial.io
30989,bluma,"Bluma",Fall 2025,2025,bluma.com,bluma.ai,bluma.io
30853,bolna-ai,"Bolna AI",Fall 2025,2025,bolnaai.com,bolnaai.ai,bolnaai.io
30982,boom-ai,"Boom AI",Fall 2025,2025,boomai.com,boomai.ai,boomai.io
30917,bravi,"Bravi",Fall 2025,2025,bravi.com,bravi.ai,bravi.io
30835,brickanta,"Brickanta",Fall 2025,2025,brickanta.com,brickanta.ai,brickanta.io
30847,brickwise,"Brickwise",Fall 2025,2025,brickwise.com,brickwise.ai,brickwise.io
30871,bron,"Bron",Fall 2025,2025,bron.com,bron.ai,bron.io
30861,caddy,"Caddy",Fall 2025,2025,caddy.com,caddy.ai,caddy.io
30924,casey,"Casey",Fall 2025,2025,casey.com,casey.ai,casey.io
30957,clad-labs,"Clad Labs",Fall 2025,2025,cladlabs.com,cladlabs.ai,cladlabs.io
30886,clerked,"Clerked",Fall 2025,2025,clerked.com,clerked.ai,clerked.io
31002,clicks-health,"Clicks Health",Fall 2025,2025,clickshealth.com,clickshealth.ai,clickshealth.io
31022,coasts,"Coasts",Fall 2025,2025,coasts.com,coasts.ai,coasts.io
30919,codyco,"Codyco",Fall 2025,2025,codyco.com,codyco.ai,codyco.io
30918,complydo,"ComplyDo",Fall 2025,2025,complydo.com,complydo.ai,complydo.io
30921,compyle,"Compyle",Fall 2025,2025,compyle.com,compyle.ai,compyle.io
30930,cortex-ai,"Cortex AI",Fall 2025,2025,cortexai.com,cortexai.ai,cortexai.io
30878,cranston-ai,"Cranston AI",Fall 2025,2025,cranstonai.com,cranstonai.ai,cranstonai.io
30949,crunched,"Crunched",Fall 2025,2025,crunched.com,crunched.ai,crunched.io
30864,daridev,"dari.dev",Fall 2025,2025,daridev.com,daridev.ai,daridev.io
30858,deeptrace,"Deeptrace",Fall 2025,2025,deeptrace.com,deeptrace.ai,deeptrace.io
30962,denki,"Denki",Fall 2025,2025,denki.com,denki.ai,denki.io
30816,digipals,"Digipals",Fall 2025,2025,digipals.com,digipals.ai,digipals.io
30993,diligencesquared-inc,"DiligenceSquared",Fall 2025,2025,diligencesquared.com,diligencesquared.ai,diligencesquared.io
31004,dome,"Dome",Fall 2025,2025,dome.com,dome.ai,dome.io
30821,efference,"Efference",Fall 2025,2025,efference.com,efference.ai,efference.io
30940,everest,"Everest",Fall 2025,2025,everest.com,everest.ai,everest.io
30970,exonic,"Exonic",Fall 2025,2025,exonic.com,exonic.ai,exonic.io
30939,expected-parrot,"Expected Parrot",Fall 2025,2025,expectedparrot.com,expectedparrot.ai,expectedparrot.io
31001,fastshot,"Fastshot",Fall 2025,2025,fastshot.com,fastshot.ai,fastshot.io
30749,fernstone,"Fernstone",Fall 2025,2025,fernstone.com,fernstone.ai,fernstone.io
30569,fifth-door,"Fifth Door",Fall 2025,2025,fifthdoor.com,fifthdoor.ai,fifthdoor.io
30884,flick,"Flick",Fall 2025,2025,flick.com,flick.ai,flick.io
30991,forge-robotics,"Forge Robotics",Fall 2025,2025,forgerobotics.com,forgerobotics.ai,forgerobotics.io
30981,freeport-markets,"Freeport Markets",Fall 2025,2025,freeportmarkets.com,freeportmarkets.ai,freeportmarkets.io
29161,goldbridge,"Goldbridge",Fall 2025,2025,goldbridge.com,goldbridge.ai,goldbridge.io
30911,helonic,"Helonic",Fall 2025,2025,helonic.com,helonic.ai,helonic.io
30883,hillclimb,"hillclimb",Fall 2025,2025,hillclimb.com,hillclimb.ai,hillclimb.io
30879,hypercubic,"Hypercubic",Fall 2025,2025,hypercubic.com,hypercubic.ai,hypercubic.io
30854,hyperspell,"Hyperspell",Fall 2025,2025,hyperspell.com,hyperspell.ai,hyperspell.io
30965,icarus,"Icarus",Fall 2025,2025,icarus.com,icarus.ai,icarus.io
30938,imagine-ai,"Imagine AI",Fall 2025,2025,imagineai.com,imagineai.ai,imagineai.io
31018,item,"item",Fall 2025,2025,item.com,item.ai,item.io
30972,jarmin,"Jarmin",Fall 2025,2025,jarmin.com,jarmin.ai,jarmin.io
30869,kaigo-health,"Kaigo Health",Fall 2025,2025,kaigohealth.com,kaigohealth.ai,kaigohealth.io
30959,kalpa-labs,"Kalpa Labs",Fall 2025,2025,kalpalabs.com,kalpalabs.ai,kalpalabs.io
30966,karumi,"Karumi",Fall 2025,2025,karumi.com,karumi.ai,karumi.io
30903,kestrel-ai,"Kestrel AI",Fall 2025,2025,kestrelai.com,kestrelai.ai,kestrelai.io
30870,koyal,"Koyal",Fall 2025,2025,koyal.com,koyal.ai,koyal.io
30888,lakonia,"Lakonia",Fall 2025,2025,lakonia.com,lakonia.ai,lakonia.io
30822,lapis,"Lapis",Fall 2025,2025,lapis.com,lapis.ai,lapis.io
30983,layers,"Layers",Fall 2025,2025,layers.com,layers.ai,layers.io
30932,leadbay,"Leadbay",Fall 2025,2025,leadbay.com,leadbay.ai,leadbay.io
30969,uselemma,"Lemma",Fall 2025,2025,lemma.com,lemma.ai,lemma.io
30920,lexi,"Lexi",Fall 2025,2025,lexi.com,lexi.ai,lexi.io
30987,lightberry,"Lightberry",Fall 2025,2025,lightberry.com,lightberry.ai,lightberry.io
30859,locus,"Locus",Fall 2025,2025,locus.com,locus.ai,locus.io
30907,logical,"Logical",Fall 2025,2025,logical.com,logical.ai,logical.io
30900,logosguard,"LogosGuard",Fall 2025,2025,logosguard.com,logosguard.ai,logosguard.io
30948,lua-global-inc,"Lua Global Inc",Fall 2025,2025,luaglobalinc.com,luaglobalinc.ai,luaglobalinc.io
30997,lunabill,"LunaBill",Fall 2025,2025,lunabill.com,lunabill.ai,lunabill.io
30865,lunavo,"Lunavo",Fall 2025,2025,lunavo.com,lunavo.ai,lunavo.io
30975,madethis,"MadeThis",Fall 2025,2025,madethis.com,madethis.ai,madethis.io
31005,markit,"MarkIt",Fall 2025,2025,markit.com,markit.ai,markit.io
31020,mayflower,"Mayflower",Fall 2025,2025,mayflower.com,mayflower.ai,mayflower.io
30960,metorial,"Metorial",Fall 2025,2025,metorial.com,metorial.ai,metorial.io
30978,miniswap,"Miniswap",Fall 2025,2025,miniswap.com,miniswap.ai,miniswap.io
30874,minro,"Minro",Fall 2025,2025,minro.com,minro.ai,minro.io
30812,mixy,"Mixy",Fall 2025,2025,mixy.com,mixy.ai,mixy.io
31008,moss,"Moss",Fall 2025,2025,moss.com,moss.ai,moss.io
30849,movedot,"MOVEdot",Fall 2025,2025,movedot.com,movedot.ai,movedot.io
26144,mspilot,"MSPilot",Fall 2025,2025,mspilot.com,mspilot.ai,mspilot.io
30896,multifactor,"Multifactor",Fall 2025,2025,multifactor.com,multifactor.ai,multifactor.io
30950,usenarrative,"Narrative",Fall 2025,2025,narrative.com,narrative.ai,narrative.io
30880,nessie,"Nessie",Fall 2025,2025,nessie.com,nessie.ai,nessie.io
30852,gpt,"Nexus",Fall 2025,2025,nexus.com,nexus.ai,nexus.io
30657,nori,"Nori",Fall 2025,2025,nori.com,nori.ai,nori.io
30868,norra,"Norra",Fall 2025,2025,norra.com,norra.ai,norra.io
30933,nucleo,"Nucleo",Fall 2025,2025,nucleo.com,nucleo.ai,nucleo.io
30631,null-labs,"Null Labs",Fall 2025,2025,nulllabs.com,nulllabs.ai,nulllabs.io
31011,openroll,"Openroll",Fall 2025,2025,openroll.com,openroll.ai,openroll.io
30604,parametric,"Parametric",Fall 2025,2025,parametric.com,parametric.ai,parametric.io
30848,parrot,"Parrot",Fall 2025,2025,parrot.com,parrot.ai,parrot.io
30846,parse-bot,"Parse",Fall 2025,2025,parse.com,parse.ai,parse.io
30936,patent-watch,"Patent Watch",Fall 2025,2025,patentwatch.com,patentwatch.ai,patentwatch.io
30967,perseus,"Perseus",Fall 2025,2025,perseus.com,perseus.ai,perseus.io
30947,philon,"Philon",Fall 2025,2025,philon.com,philon.ai,philon.io
29763,piggy-robotics,"Piggy Robotics",Fall 2025,2025,piggyrobotics.com,piggyrobotics.ai,piggyrobotics.io
30931,pixley-ai,"Pixley AI",Fall 2025,2025,pixleyai.com,pixleyai.ai,pixleyai.io
30592,prox,"Prox",Fall 2025,2025,prox.com,prox.ai,prox.io
30929,radiusbrowser,"Radius",Fall 2025,2025,radius.com,radius.ai,radius.io
30912,redapto,"Redapto",Fall 2025,2025,redapto.com,redapto.ai,redapto.io
30953,relaw,"Relaw",Fall 2025,2025,relaw.com,relaw.ai,relaw.io
30829,remedy,"Remedy",Fall 2025,2025,remedy.com,remedy.ai,remedy.io
31013,rivet-design,"Rivet",Fall 2025,2025,rivet.com,rivet.ai,rivet.io
30977,rovi-health,"Rovi Health",Fall 2025,2025,rovihealth.com,rovihealth.ai,rovihealth.io
30916,rovr,"Rovr",Fall 2025,2025,rovr.com,rovr.ai,rovr.io
30935,s2-dev,"s2.dev",Fall 2025,2025,s2dev.com,s2dev.ai,s2dev.io
30964,savahq,"Sava",Fall 2025,2025,sava.com,sava.ai,sava.io
30899,sciloop,"Sciloop",Fall 2025,2025,sciloop.com,sciloop.ai,sciloop.io
30856,scoop,"Scoop",Fall 2025,2025,scoop.com,scoop.ai,scoop.io
30942,scott-ai,"Scott AI",Fall 2025,2025,scottai.com,scottai.ai,scottai.io
30922,selfin,"Selfin",Fall 2025,2025,selfin.com,selfin.ai,selfin.io
30887,sellraze,"SellRaze",Fall 2025,2025,sellraze.com,sellraze.ai,sellraze.io
30885,semble-ai,"Semble AI",Fall 2025,2025,sembleai.com,sembleai.ai,sembleai.io
30828,semiotic,"Semiotic",Fall 2025,2025,semiotic.com,semiotic.ai,semiotic.io
30891,sf-tensor,"SF Tensor",Fall 2025,2025,sftensor.com,sftensor.ai,sftensor.io
30862,sorce,"Sorce",Fall 2025,2025,sorce.com,sorce.ai,sorce.io
30867,soren,"Soren",Fall 2025,2025,soren.com,soren.ai,soren.io
30946,sourcebot,"Sourcebot",Fall 2025,2025,sourcebot.com,sourcebot.ai,sourcebot.io
30954,specific,"Specific",Fall 2025,2025,specific.com,specific.ai,specific.io
31009,specific-labs,"Specific Labs",Fall 2025,2025,specificlabs.com,specificlabs.ai,specificlabs.io
30845,structured-ai,"Structured AI",Fall 2025,2025,structuredai.com,structuredai.ai,structuredai.io
30851,sylvian,"Sylvian",Fall 2025,2025,sylvian.com,sylvian.ai,sylvian.io
30873,tell-if-ai,"Tell if AI",Fall 2025,2025,tellifai.com,tellifai.ai,tellifai.io
30889,terrain,"Terrain",Fall 2025,2025,terrain.com,terrain.ai,terrain.io
30863,the-context-company,"The Context Company",Fall 2025,2025,thecontextcompany.com,thecontextcompany.ai,thecontextcompany.io
30986,the-hog,"The Hog",Fall 2025,2025,thehog.com,thehog.ai,thehog.io
30928,thesis,"Thesis",Fall 2025,2025,thesis.com,thesis.ai,thesis.io
30934,tornyol,"Tornyol",Fall 2025,2025,tornyol.com,tornyol.ai,tornyol.io
30877,trelium,"Trelium",Fall 2025,2025,trelium.com,trelium.ai,trelium.io
30894,unsiloed-ai,"Unsiloed AI",Fall 2025,2025,unsiloedai.com,unsiloedai.ai,unsiloedai.io
30844,uplane,"Uplane",Fall 2025,2025,uplane.com,uplane.ai,uplane.io
30995,velvet,"Velvet",Fall 2025,2025,velvet.com,velvet.ai,velvet.io
30875,veria-labs,"Veria Labs",Fall 2025,2025,verialabs.com,verialabs.ai,verialabs.io
30881,wardstone,"Wardstone",Fall 2025,2025,wardstone.com,wardstone.ai,wardstone.io
30945,zalos,"Zalos",Fall 2025,2025,zalos.com,zalos.ai,zalos.io
31007,zarna,"Zarna",Fall 2025,2025,zarna.com,zarna.ai,zarna.io
30850,zavo,"Zavo",Fall 2025,2025,zavo.com,zavo.ai,zavo.io
31021,zephyr-fusion,"Zephyr Fusion",Fall 2025,2025,zephyrfusion.com,zephyrfusion.ai,zephyrfusion.io
30427,acolite,"Acolite",Spring 2025,2025,acolite.com,acolite.ai,acolite.io
30529,adentris,"Adentris",Spring 2025,2025,adentris.com,adentris.ai,adentris.io
30557,aegis,"Aegis",Spring 2025,2025,aegis.com,aegis.ai,aegis.io
30549,airweave,"Airweave",Spring 2025,2025,airweave.com,airweave.ai,airweave.io
30498,alkali,"Alkali",Spring 2025,2025,alkali.com,alkali.ai,alkali.io
30430,almond-2,"Almond",Spring 2025,2025,almond.com,almond.ai,almond.io
30435,alpha-research,"Alpha Research",Spring 2025,2025,alpharesearch.com,alpharesearch.ai,alpharesearch.io
30485,anana,"Anana",Spring 2025,2025,anana.com,anana.ai,anana.io
30403,aravolta,"Aravolta",Spring 2025,2025,aravolta.com,aravolta.ai,aravolta.io
30336,atlog,"Atlog",Spring 2025,2025,atlog.com,atlog.ai,atlog.io
30449,attune,"Attune",Spring 2025,2025,attune.com,attune.ai,attune.io
29662,atum-works,"Atum Works",Spring 2025,2025,atumworks.com,atumworks.ai,atumworks.io
30425,auctor,"Auctor",Spring 2025,2025,auctor.com,auctor.ai,auctor.io
30415,avallon-ai,"Avallon AI",Spring 2025,2025,avallonai.com,avallonai.ai,avallonai.io
30173,aviro,"Aviro",Spring 2025,2025,aviro.com,aviro.ai,aviro.io
30438,beluga,"Beluga",Spring 2025,2025,beluga.com,beluga.ai,beluga.io
30500,besimple-ai,"Besimple AI",Spring 2025,2025,besimpleai.com,besimpleai.ai,besimpleai.io
30452,better-auth,"Better Auth",Spring 2025,2025,betterauth.com,betterauth.ai,betterauth.io
30406,bitboard,"BitBoard",Spring 2025,2025,bitboard.com,bitboard.ai,bitboard.io
30558,bitpatrol,"BitPatrol",Spring 2025,2025,bitpatrol.com,bitpatrol.ai,bitpatrol.io
30366,blaxel,"Blaxel",Spring 2025,2025,blaxel.com,blaxel.ai,blaxel.io
30412,bloom-4,"Bloom",Spring 2025,2025,bloom.com,bloom.ai,bloom.io
30451,bluejay,"Bluejay",Spring 2025,2025,bluejay.com,bluejay.ai,bluejay.io
30553,blueshoe,"Blueshoe",Spring 2025,2025,blueshoe.com,blueshoe.ai,blueshoe.io
30554,bond,"Bond",Spring 2025,2025,bond.com,bond.ai,bond.io
30509,boost-robotics,"Boost Robotics",Spring 2025,2025,boostrobotics.com,boostrobotics.ai,boostrobotics.io
30516,bramante,"Bramante",Spring 2025,2025,bramante.com,bramante.ai,bramante.io
30543,oncactus,"Cactus",Spring 2025,2025,cactus.com,cactus.ai,cactus.io
30428,capacitive,"Capacitive",Spring 2025,2025,capacitive.com,capacitive.ai,capacitive.io
30501,cartpole,"Cartpole",Spring 2025,2025,cartpole.com,cartpole.ai,cartpole.io
30556,cascade-space,"Cascade Space",Spring 2025,2025,cascadespace.com,cascadespace.ai,cascadespace.io
30477,casco,"Casco",Spring 2025,2025,casco.com,casco.ai,casco.io
30447,caucus,"Caucus",Spring 2025,2025,caucus.com,caucus.ai,caucus.io
30384,chestnut,"Chestnut",Spring 2025,2025,chestnut.com,chestnut.ai,chestnut.io
30459,chiron,"Chiron",Spring 2025,2025,chiron.com,chiron.ai,chiron.io
30526,chrt,"chrt",Spring 2025,2025,chrt.com,chrt.ai,chrt.io
30429,claim-health,"Claim Health",Spring 2025,2025,claimhealth.com,claimhealth.ai,claimhealth.io
30439,clarm,"Clarm",Spring 2025,2025,clarm.com,clarm.ai,clarm.io
30468,clidey,"Clidey",Spring 2025,2025,clidey.com,clidey.ai,clidey.io
30541,code-four,"Code Four",Spring 2025,2025,codefour.com,codefour.ai,codefour.io
30565,cohesive,"Cohesive",Spring 2025,2025,cohesive.com,cohesive.ai,cohesive.io
30461,combinely,"Combinely",Spring 2025,2025,combinely.com,combinely.ai,combinely.io
30535,cotool,"Cotool",Spring 2025,2025,cotool.com,cotool.ai,cotool.io
30479,crimson,"Crimson",Spring 2025,2025,crimson.com,crimson.ai,crimson.io
30420,cua,"Cua",Spring 2025,2025,cua.com,cua.ai,cua.io
30411,cubic,"cubic",Spring 2025,2025,cubic.com,cubic.ai,cubic.io
30538,den,"Den",Spring 2025,2025,den.com,den.ai,den.io
30562,docket,"Docket",Spring 2025,2025,docket.com,docket.ai,docket.io
30513,eloquent-ai,"Eloquent AI",Spring 2025,2025,eloquentai.com,eloquentai.ai,eloquentai.io
30431,feyn,"Feyn",Spring 2025,2025,feyn.com,feyn.ai,feyn.io
30480,flott-hq,"Flott HQ",Spring 2025,2025,flotthq.com,flotthq.ai,flotthq.io
30560,foundation-industries,"Foundation Industries",Spring 2025,2025,foundationindustries.com,foundationindustries.ai,foundationindustries.io
30462,freesolo,"Freesolo",Spring 2025,2025,freesolo.com,freesolo.ai,freesolo.io
30399,frekil,"Frekil",Spring 2025,2025,frekil.com,frekil.ai,frekil.io
30422,galen-ai,"Galen AI",Spring 2025,2025,galenai.com,galenai.ai,galenai.io
30559,godela,"Godela",Spring 2025,2025,godela.com,godela.ai,godela.io
30407,golf,"Golf",Spring 2025,2025,golf.com,golf.ai,golf.io
30417,groundcontrol,"GroundControl",Spring 2025,2025,groundcontrol.com,groundcontrol.ai,groundcontrol.io
30469,habit,"HABIT",Spring 2025,2025,habit.com,habit.ai,habit.io
30442,hanji,"Hanji",Spring 2025,2025,hanji.com,hanji.ai,hanji.io
30432,helixdb,"HelixDB",Spring 2025,2025,helixdb.com,helixdb.ai,helixdb.io
30519,hemut,"Hemut",Spring 2025,2025,hemut.com,hemut.ai,hemut.io
30497,human-behavior,"Human Behavior",Spring 2025,2025,humanbehavior.com,humanbehavior.ai,humanbehavior.io
30487,irbc,"IRBC",Spring 2025,2025,irbc.com,irbc.ai,irbc.io
30458,jeevy-fabrication,"Jeevy Fabrication",Spring 2025,2025,jeevyfabrication.com,jeevyfabrication.ai,jeevyfabrication.io
30437,kaelio,"Kaelio",Spring 2025,2025,kaelio.com,kaelio.ai,kaelio.io
30521,kairos,"Kairos",Spring 2025,2025,kairos.com,kairos.ai,kairos.io
30471,kaizen,"Kaizen",Spring 2025,2025,kaizen.com,kaizen.ai,kaizen.io
30418,kanava-ai,"Kanava AI",Spring 2025,2025,kanavaai.com,kanavaai.ai,kanavaai.io
30402,kashikoi,"Kashikoi",Spring 2025,2025,kashikoi.com,kashikoi.ai,kashikoi.io
30450,kestral,"Kestral",Spring 2025,2025,kestral.com,kestral.ai,kestral.io
30446,kirana-ai,"Kirana AI",Spring 2025,2025,kiranaai.com,kiranaai.ai,kiranaai.io
30506,klavis-ai,"Klavis AI",Spring 2025,2025,klavisai.com,klavisai.ai,klavisai.io
30466,labric,"Labric",Spring 2025,2025,labric.com,labric.ai,labric.io
29656,leeroo,"Leeroo",Spring 2025,2025,leeroo.com,leeroo.ai,leeroo.io
30515,libretto,"Libretto",Spring 2025,2025,libretto.com,libretto.ai,libretto.io
30482,lucis,"Lucis",Spring 2025,2025,lucis.com,lucis.ai,lucis.io
30540,lumari,"Lumari",Spring 2025,2025,lumari.com,lumari.ai,lumari.io
30445,mbodi-ai,"Mbodi AI",Spring 2025,2025,mbodiai.com,mbodiai.ai,mbodiai.io
30523,mesmer,"Mesmer",Spring 2025,2025,mesmer.com,mesmer.ai,mesmer.io
30527,mindfort,"MindFort",Spring 2025,2025,mindfort.com,mindfort.ai,mindfort.io
30419,minerva,"Minerva",Spring 2025,2025,minerva.com,minerva.ai,minerva.io
30539,mlop,"mlop",Spring 2025,2025,mlop.com,mlop.ai,mlop.io
30531,moby-analytics,"Moby Analytics",Spring 2025,2025,mobyanalytics.com,mobyanalytics.ai,mobyanalytics.io
30475,morphik,"Morphik",Spring 2025,2025,morphik.com,morphik.ai,morphik.io
30512,morphoai,"MorphoAI",Spring 2025,2025,morphoai.com,morphoai.ai,morphoai.io
30405,nao-labs,"nao Labs",Spring 2025,2025,naolabs.com,naolabs.ai,naolabs.io
30522,naive,"Naïve",Spring 2025,2025,naive.com,naive.ai,naive.io
30423,neoncoral,"neoncoral",Spring 2025,2025,neoncoral.com,neoncoral.ai,neoncoral.io
30532,nimbic-ai,"Nimbic AI",Spring 2025,2025,nimbicai.com,nimbicai.ai,nimbicai.io
30502,nodi-energy,"NODI Energy",Spring 2025,2025,nodienergy.com,nodienergy.ai,nodienergy.io
30476,nomi,"Nomi",Spring 2025,2025,nomi.com,nomi.ai,nomi.io
30491,novoflow,"Novoflow",Spring 2025,2025,novoflow.com,novoflow.ai,novoflow.io
30467,opusense-ai,"Opusense AI",Spring 2025,2025,opusenseai.com,opusenseai.ai,opusenseai.io
30518,orchid-ai,"Orchid",Spring 2025,2025,orchid.com,orchid.ai,orchid.io
30455,paper-instruments,"Paper Instruments",Spring 2025,2025,paperinstruments.com,paperinstruments.ai,paperinstruments.io
30507,paraquery,"ParaQuery",Spring 2025,2025,paraquery.com,paraquery.ai,paraquery.io
30453,parsewise,"Parsewise",Spring 2025,2025,parsewise.com,parsewise.ai,parsewise.io
30191,partcl,"Partcl",Spring 2025,2025,partcl.com,partcl.ai,partcl.io
30533,pelica,"Pelica",Spring 2025,2025,pelica.com,pelica.ai,pelica.io
30444,percival,"Percival",Spring 2025,2025,percival.com,percival.ai,percival.io
30448,pgdog,"PgDog",Spring 2025,2025,pgdog.com,pgdog.ai,pgdog.io
30465,photonium,"Photonium",Spring 2025,2025,photonium.com,photonium.ai,photonium.io
30400,plexe,"Plexe",Spring 2025,2025,plexe.com,plexe.ai,plexe.io
30492,prism,"Prism",Spring 2025,2025,prism.com,prism.ai,prism.io
30528,probo,"Probo",Spring 2025,2025,probo.com,probo.ai,probo.io
30536,propolis,"Propolis",Spring 2025,2025,propolis.com,propolis.ai,propolis.io
30367,qfex,"QFEX",Spring 2025,2025,qfex.com,qfex.ai,qfex.io
30496,qualgent,"QualGent",Spring 2025,2025,qualgent.com,qualgent.ai,qualgent.io
30426,ralo,"Ralo",Spring 2025,2025,ralo.com,ralo.ai,ralo.io
30454,refresh,"Refresh",Spring 2025,2025,refresh.com,refresh.ai,refresh.io
30530,rimba,"Rimba",Spring 2025,2025,rimba.com,rimba.ai,rimba.io
30474,runrl,"RunRL",Spring 2025,2025,runrl.com,runrl.ai,runrl.io
30514,scalar-field,"Scalar Field",Spring 2025,2025,scalarfield.com,scalarfield.ai,scalarfield.io
30552,sieveai,"sieve",Spring 2025,2025,sieve.com,sieve.ai,sieve.io
30440,sim,"Sim",Spring 2025,2025,sim.com,sim.ai,sim.io
30464,sixtyfour,"Sixtyfour",Spring 2025,2025,sixtyfour.com,sixtyfour.ai,sixtyfour.io
30545,starsling,"StarSling",Spring 2025,2025,starsling.com,starsling.ai,starsling.io
30441,stratify,"stratify",Spring 2025,2025,stratify.com,stratify.ai,stratify.io
30561,sureform,"Sureform",Spring 2025,2025,sureform.com,sureform.ai,sureform.io
30508,sygaldry-technologies,"Sygaldry Technologies",Spring 2025,2025,sygaldrytechnologies.com,sygaldrytechnologies.ai,sygaldrytechnologies.io
30421,synthio-labs,"Synthio Labs",Spring 2025,2025,synthiolabs.com,synthiolabs.ai,synthiolabs.io
30463,tegore,"Tegore",Spring 2025,2025,tegore.com,tegore.ai,tegore.io
30547,text-ai,"Text.ai",Spring 2025,2025,textai.com,textai.ai,textai.io
30433,the-robot-learning-company,"The Robot Learning Company",Spring 2025,2025,therobotlearningcompany.com,therobotlearningcompany.ai,therobotlearningcompany.io
30548,theorem-2,"Theorem",Spring 2025,2025,theorem.com,theorem.ai,theorem.io
30488,theta,"Theta",Spring 2025,2025,theta.com,theta.ai,theta.io
30504,third-chair,"Third Chair",Spring 2025,2025,thirdchair.com,thirdchair.ai,thirdchair.io
30484,throxy,"throxy",Spring 2025,2025,throxy.com,throxy.ai,throxy.io
30472,ticket-wallet,"Ticket Wallet",Spring 2025,2025,ticketwallet.com,ticketwallet.ai,ticketwallet.io
30456,tinfoil,"Tinfoil",Spring 2025,2025,tinfoil.com,tinfoil.ai,tinfoil.io
30457,trapeze,"Trapeze",Spring 2025,2025,trapeze.com,trapeze.ai,trapeze.io
30443,units,"Units",Spring 2025,2025,units.com,units.ai,units.io
30517,valuemate,"ValueMate",Spring 2025,2025,valuemate.com,valuemate.ai,valuemate.io
30511,vassar-robotics,"Vassar Robotics",Spring 2025,2025,vassarrobotics.com,vassarrobotics.ai,vassarrobotics.io
30503,vesence,"Vesence",Spring 2025,2025,vesence.com,vesence.ai,vesence.io
30542,vision-lab,"Vision Lab",Spring 2025,2025,visionlab.com,visionlab.ai,visionlab.io
30460,voiceos,"VoiceOS",Spring 2025,2025,voiceos.com,voiceos.ai,voiceos.io
30404,vybe,"Vybe",Spring 2025,2025,vybe.com,vybe.ai,vybe.io
30329,waffle,"Waffle",Spring 2025,2025,waffle.com,waffle.ai,waffle.io
30544,wavedash,"Wavedash",Spring 2025,2025,wavedash.com,wavedash.ai,wavedash.io
29666,willow,"Willow",Spring 2025,2025,willow.com,willow.ai,willow.io
30434,zeon-systems,"Zeon Systems",Spring 2025,2025,zeonsystems.com,zeonsystems.ai,zeonsystems.io
30606,acrely,"Acrely",Summer 2025,2025,acrely.com,acrely.ai,acrely.io
30596,adaptional,"Adaptional",Summer 2025,2025,adaptional.com,adaptional.ai,adaptional.io
30611,agentmail,"AgentMail",Summer 2025,2025,agentmail.com,agentmail.ai,agentmail.io
30727,alara,"Alara",Summer 2025,2025,alara.com,alara.ai,alara.io
30704,albacore-inc,"Albacore Inc.",Summer 2025,2025,albacoreinc.com,albacoreinc.ai,albacoreinc.io
30651,alter,"Alter",Summer 2025,2025,alter.com,alter.ai,alter.io
30738,altur,"Altur",Summer 2025,2025,altur.com,altur.ai,altur.io
30362,ambral,"Ambral",Summer 2025,2025,ambral.com,ambral.ai,ambral.io
30616,args,"args",Summer 2025,2025,args.com,args.ai,args.io
30614,astor,"Astor",Summer 2025,2025,astor.com,astor.ai,astor.io
30720,autosana,"Autosana",Summer 2025,2025,autosana.com,autosana.ai,autosana.io
30086,autumn,"Autumn",Summer 2025,2025,autumn.com,autumn.ai,autumn.io
30734,avelis-health,"Avelis Health",Summer 2025,2025,avelishealth.com,avelishealth.ai,avelishealth.io
30799,avent,"Avent",Summer 2025,2025,avent.com,avent.ai,avent.io
30689,b12-labs,"b12 Labs",Summer 2025,2025,b12labs.com,b12labs.ai,b12labs.io
30634,bitrig,"bitrig",Summer 2025,2025,bitrig.com,bitrig.ai,bitrig.io
30792,geo-ai,"Bizzy AI",Summer 2025,2025,bizzyai.com,bizzyai.ai,bizzyai.io
30613,blank-bio,"Blank Bio",Summer 2025,2025,blankbio.com,blankbio.ai,blankbio.io
30813,blue,"Blue",Summer 2025,2025,blue.com,blue.ai,blue.io
30675,bootloop,"BootLoop",Summer 2025,2025,bootloop.com,bootloop.ai,bootloop.io
30801,burnt,"burnt",Summer 2025,2025,burnt.com,burnt.ai,burnt.io
30510,cactus-compute,"Cactus Compute",Summer 2025,2025,cactuscompute.com,cactuscompute.ai,cactuscompute.io
30666,careswift,"CareSwift",Summer 2025,2025,careswift.com,careswift.ai,careswift.io
30759,certus-ai,"Certus AI",Summer 2025,2025,certusai.com,certusai.ai,certusai.io
30695,channel3,"Channel3",Summer 2025,2025,channel3.com,channel3.ai,channel3.io
30711,char,"Char",Summer 2025,2025,char.com,char.ai,char.io
30774,clodo,"CLODO",Summer 2025,2025,clodo.com,clodo.ai,clodo.io
30603,closera,"Closera",Summer 2025,2025,closera.com,closera.ai,closera.io
30670,cocreate,"cocreate",Summer 2025,2025,cocreate.com,cocreate.ai,cocreate.io
30698,comena,"Comena",Summer 2025,2025,comena.com,comena.ai,comena.io
30626,contextfort,"ContextFort",Summer 2025,2025,contextfort.com,contextfort.ai,contextfort.io
30747,convexia,"Convexia",Summer 2025,2025,convexia.com,convexia.ai,convexia.io
30681,conviction,"Conviction",Summer 2025,2025,conviction.com,conviction.ai,conviction.io
30692,costream,"Costream",Summer 2025,2025,costream.com,costream.ai,costream.io
30647,cyberdesk,"Cyberdesk",Summer 2025,2025,cyberdesk.com,cyberdesk.ai,cyberdesk.io
30628,datafruit,"Datafruit",Summer 2025,2025,datafruit.com,datafruit.ai,datafruit.io
30605,dedalus-labs,"Dedalus Labs",Summer 2025,2025,dedaluslabs.com,dedaluslabs.ai,dedaluslabs.io
30662,deepaware-ai-robotics-center-of-silicon-valley,"DeepAware AI (Robotics Center of Silicon Valley)",Summer 2025,2025,deepawareairoboticscenterofsiliconvalley.com,deepawareairoboticscenterofsiliconvalley.ai,deepawareairoboticscenterofsiliconvalley.io
30656,deepgrove,"DeepGrove",Summer 2025,2025,deepgrove.com,deepgrove.ai,deepgrove.io
30637,design-arena,"Design Arena",Summer 2025,2025,designarena.com,designarena.ai,designarena.io
30684,doe,"Doe",Summer 2025,2025,doe.com,doe.ai,doe.io
30781,duranium,"Duranium",Summer 2025,2025,duranium.com,duranium.ai,duranium.io
30636,effigov,"EffiGov",Summer 2025,2025,effigov.com,effigov.ai,effigov.io
30691,embedder,"Embedder",Summer 2025,2025,embedder.com,embedder.ai,embedder.io
30694,epicenter,"Epicenter",Summer 2025,2025,epicenter.com,epicenter.ai,epicenter.io
30832,f2,"F2",Summer 2025,2025,f2.com,f2.ai,f2.io
30741,f4-industries,"F4 Industries",Summer 2025,2025,f4industries.com,f4industries.ai,f4industries.io
30716,finto-de,"Finto",Summer 2025,2025,finto.com,finto.ai,finto.io
30690,flai,"Flai",Summer 2025,2025,flai.com,flai.ai,flai.io
30775,fleetline,"Fleetline",Summer 2025,2025,fleetline.com,fleetline.ai,fleetline.io
30729,floot,"Floot",Summer 2025,2025,floot.com,floot.ai,floot.io
30771,flywheel-ai,"Flywheel AI",Summer 2025,2025,flywheelai.com,flywheelai.ai,flywheelai.io
30802,freya,"Freya",Summer 2025,2025,freya.com,freya.ai,freya.io
30655,frizzle,"Frizzle",Summer 2025,2025,frizzle.com,frizzle.ai,frizzle.io
30688,fulcrum,"Fulcrum",Summer 2025,2025,fulcrum.com,fulcrum.ai,fulcrum.io
30598,getasap,"GETASAP",Summer 2025,2025,getasap.com,getasap.ai,getasap.io
30696,ghosteye,"GhostEye",Summer 2025,2025,ghosteye.com,ghosteye.ai,ghosteye.io
30618,golpo,"Golpo",Summer 2025,2025,golpo.com,golpo.ai,golpo.io
30609,halluminate,"Halluminate",Summer 2025,2025,halluminate.com,halluminate.ai,halluminate.io
30758,hera-video,"Hera",Summer 2025,2025,hera.com,hera.ai,hera.io
30732,humoniq,"Humoniq",Summer 2025,2025,humoniq.com,humoniq.ai,humoniq.io
30730,idler,"idler",Summer 2025,2025,idler.com,idler.ai,idler.io
30650,imprezia,"Imprezia",Summer 2025,2025,imprezia.com,imprezia.ai,imprezia.io
30686,theinterface,"Interface",Summer 2025,2025,interface.com,interface.ai,interface.io
30789,interfere,"Interfere",Summer 2025,2025,interfere.com,interfere.ai,interfere.io
30717,iron-grid,"Iron Grid",Summer 2025,2025,irongrid.com,irongrid.ai,irongrid.io
30685,ironledger-ai,"IronLedger.ai",Summer 2025,2025,ironledgerai.com,ironledgerai.ai,ironledgerai.io
30648,tryjanet,"Janet AI",Summer 2025,2025,janetai.com,janetai.ai,janetai.io
30769,juxta,"Juxta",Summer 2025,2025,juxta.com,juxta.ai,juxta.io
30677,kalinda,"Kalinda",Summer 2025,2025,kalinda.com,kalinda.ai,kalinda.io
30762,kernel,"KERNEL",Summer 2025,2025,kernel.com,kernel.ai,kernel.io
30664,kestroll,"Kestroll",Summer 2025,2025,kestroll.com,kestroll.ai,kestroll.io
30721,knowlify,"Knowlify",Summer 2025,2025,knowlify.com,knowlify.ai,knowlify.io
30615,lanesurf,"Lanesurf",Summer 2025,2025,lanesurf.com,lanesurf.ai,lanesurf.io
30630,lark,"Lark",Summer 2025,2025,lark.com,lark.ai,lark.io
30649,lilac,"Lilac",Summer 2025,2025,lilac.com,lilac.ai,lilac.io
30622,liva-ai,"Liva AI",Summer 2025,2025,livaai.com,livaai.ai,livaai.io
30625,llm-stats,"LLM Stats",Summer 2025,2025,llmstats.com,llmstats.ai,llmstats.io
30754,locata,"Locata",Summer 2025,2025,locata.com,locata.ai,locata.io
30638,lotas,"Lotas",Summer 2025,2025,lotas.com,lotas.ai,lotas.io
30804,luminal,"Luminal",Summer 2025,2025,luminal.com,luminal.ai,luminal.io
30776,magnetic,"Magnetic",Summer 2025,2025,magnetic.com,magnetic.ai,magnetic.io
30660,magnitude,"Magnitude",Summer 2025,2025,magnitude.com,magnitude.ai,magnitude.io
30608,mangodesk,"MangoDesk",Summer 2025,2025,mangodesk.com,mangodesk.ai,mangodesk.io
30710,manufact,"Manufact",Summer 2025,2025,manufact.com,manufact.ai,manufact.io
30731,maximal,"Maximal",Summer 2025,2025,maximal.com,maximal.ai,maximal.io
30602,meteor,"Meteor",Summer 2025,2025,meteor.com,meteor.ai,meteor.io
30740,metis,"Metis",Summer 2025,2025,metis.com,metis.ai,metis.io
30701,mimos,"Mimos",Summer 2025,2025,mimos.com,mimos.ai,mimos.io
30725,minimal-ai,"Minimal AI",Summer 2025,2025,minimalai.com,minimalai.ai,minimalai.io
30777,modelence,"Modelence",Summer 2025,2025,modelence.com,modelence.ai,modelence.io
30640,monarcha,"Monarcha",Summer 2025,2025,monarcha.com,monarcha.ai,monarcha.io
30352,monte,"Monte",Summer 2025,2025,monte.com,monte.ai,monte.io
30713,motives,"Motives",Summer 2025,2025,motives.com,motives.ai,motives.io
30786,munify,"Munify",Summer 2025,2025,munify.com,munify.ai,munify.io
30733,nautilus,"Nautilus",Summer 2025,2025,nautilus.com,nautilus.ai,nautilus.io
30673,nexa-labs,"Nexa Labs",Summer 2025,2025,nexalabs.com,nexalabs.ai,nexalabs.io
30494,nixo,"Nixo",Summer 2025,2025,nixo.com,nixo.ai,nixo.io
30697,normal,"Normal",Summer 2025,2025,normal.com,normal.ai,normal.io
30795,noso-labs,"NOSO LABS",Summer 2025,2025,nosolabs.com,nosolabs.ai,nosolabs.io
30756,notte,"Notte",Summer 2025,2025,notte.com,notte.ai,notte.io
30709,novaflow,"Novaflow",Summer 2025,2025,novaflow.com,novaflow.ai,novaflow.io
30818,nox-metals,"Nox Metals",Summer 2025,2025,noxmetals.com,noxmetals.ai,noxmetals.io
30700,nozomio,"Nozomio",Summer 2025,2025,nozomio.com,nozomio.ai,nozomio.io
30768,okibi,"Okibi",Summer 2025,2025,okibi.com,okibi.ai,okibi.io
30722,omnara,"Omnara",Summer 2025,2025,omnara.com,omnara.ai,omnara.io
30652,ondeck-ai,"OnDeck AI",Summer 2025,2025,ondeckai.com,ondeckai.ai,ondeckai.io
30743,opennote,"Opennote",Summer 2025,2025,opennote.com,opennote.ai,opennote.io
30642,orange-slice,"Orange Slice",Summer 2025,2025,orangeslice.com,orangeslice.ai,orangeslice.io
30755,pally,"Pally",Summer 2025,2025,pally.com,pally.ai,pally.io
30807,paloma,"Paloma",Summer 2025,2025,paloma.com,paloma.ai,paloma.io
30645,panels,"Panels",Summer 2025,2025,panels.com,panels.ai,panels.io
30665,pangolin,"Pangolin",Summer 2025,2025,pangolin.com,pangolin.ai,pangolin.io
30671,panoptive,"Panoptive",Summer 2025,2025,panoptive.com,panoptive.ai,panoptive.io
30736,pares-ai,"PARES AI",Summer 2025,2025,paresai.com,paresai.ai,paresai.io
30708,perseus-defense,"Perseus Defense",Summer 2025,2025,perseusdefense.com,perseusdefense.ai,perseusdefense.io
30778,perspectives-health,"Perspectives Health",Summer 2025,2025,perspectiveshealth.com,perspectiveshealth.ai,perspectiveshealth.io
30707,phases,"Phases",Summer 2025,2025,phases.com,phases.ai,phases.io
30703,physical-turing,"Physical Turing",Summer 2025,2025,physicalturing.com,physicalturing.ai,physicalturing.io
30582,pingo,"Pingo",Summer 2025,2025,pingo.com,pingo.ai,pingo.io
30623,playgent,"Playgent",Summer 2025,2025,playgent.com,playgent.ai,playgent.io
30748,pleom,"Pleom",Summer 2025,2025,pleom.com,pleom.ai,pleom.io
30566,preseen,"Preseen",Summer 2025,2025,preseen.com,preseen.ai,preseen.io
30719,procindex,"ProcIndex",Summer 2025,2025,procindex.com,procindex.ai,procindex.io
30659,proliferate,"Proliferate",Summer 2025,2025,proliferate.com,proliferate.ai,proliferate.io
30739,quotain,"Quotain",Summer 2025,2025,quotain.com,quotain.ai,quotain.io
30761,reacher,"Reacher",Summer 2025,2025,reacher.com,reacher.ai,reacher.io
30805,realroots,"RealRoots",Summer 2025,2025,realroots.com,realroots.ai,realroots.io
30763,rebulk,"Rebulk",Summer 2025,2025,rebulk.com,rebulk.ai,rebulk.io
30712,relling,"Relling",Summer 2025,2025,relling.com,relling.ai,relling.io
30724,risely-ai,"Risely AI",Summer 2025,2025,riselyai.com,riselyai.ai,riselyai.io
30680,riverbank,"Riverbank",Summer 2025,2025,riverbank.com,riverbank.ai,riverbank.io
30785,rowflow,"RowFlow",Summer 2025,2025,rowflow.com,rowflow.ai,rowflow.io
30798,ruvo,"Ruvo",Summer 2025,2025,ruvo.com,ruvo.ai,ruvo.io
30796,outrove,"Sapien",Summer 2025,2025,sapien.com,sapien.ai,sapien.io
30413,serafis,"Serafis",Summer 2025,2025,serafis.com,serafis.ai,serafis.io
30619,shor,"Shor",Summer 2025,2025,shor.com,shor.ai,shor.io
30744,sigmanticai,"SigmanticAI",Summer 2025,2025,sigmanticai.com,sigmanticai.ai,sigmanticai.io
30742,sira,"Sira",Summer 2025,2025,sira.com,sira.ai,sira.io
30669,slashy,"Slashy",Summer 2025,2025,slashy.com,slashy.ai,slashy.io
30726,socratix-ai,"Socratix AI",Summer 2025,2025,socratixai.com,socratixai.ai,socratixai.io
30706,solva,"Solva",Summer 2025,2025,solva.com,solva.ai,solva.io
30791,spotlight-realty,"Spotlight Realty",Summer 2025,2025,spotlightrealty.com,spotlightrealty.ai,spotlightrealty.io
30772,stagewise,"stagewise",Summer 2025,2025,stagewise.com,stagewise.ai,stagewise.io
30676,stellon-labs,"Stellon Labs",Summer 2025,2025,stellonlabs.com,stellonlabs.ai,stellonlabs.io
30661,stockline,"Stockline",Summer 2025,2025,stockline.com,stockline.ai,stockline.io
29697,stormy,"Stormy",Summer 2025,2025,stormy.com,stormy.ai,stormy.io
30520,synthetic-society,"Synthetic Society",Summer 2025,2025,syntheticsociety.com,syntheticsociety.ai,syntheticsociety.io
30782,tectoai,"TectoAI",Summer 2025,2025,tectoai.com,tectoai.ai,tectoai.io
30663,tesora,"Tesora",Summer 2025,2025,tesora.com,tesora.ai,tesora.io
30607,the-prompting-company,"The Prompting Company",Summer 2025,2025,thepromptingcompany.com,thepromptingcompany.ai,thepromptingcompany.io
30683,theora,"Theora",Summer 2025,2025,theora.com,theora.ai,theora.io
30629,topological,"Topological",Summer 2025,2025,topological.com,topological.ai,topological.io
30687,trace-so,"Trace",Summer 2025,2025,trace.com,trace.ai,trace.io
30610,traceroot-ai,"TraceRoot.AI",Summer 2025,2025,tracerootai.com,tracerootai.ai,tracerootai.io
30612,truthsystems,"truthsystems",Summer 2025,2025,truthsystems.com,truthsystems.ai,truthsystems.io
30702,twentytwo,"TwentyTwo",Summer 2025,2025,twentytwo.com,twentytwo.ai,twentytwo.io
30806,uplift-ai,"Uplift AI",Summer 2025,2025,upliftai.com,upliftai.ai,upliftai.io
30797,veritus,"Veritus",Summer 2025,2025,veritus.com,veritus.ai,veritus.io
30624,verne-robotics,"Verne Robotics",Summer 2025,2025,vernerobotics.com,vernerobotics.ai,vernerobotics.io
30699,vibeflow,"VibeFlow",Summer 2025,2025,vibeflow.com,vibeflow.ai,vibeflow.io
30794,vulcan-technologies,"Vulcan Technologies",Summer 2025,2025,vulcantechnologies.com,vulcantechnologies.ai,vulcantechnologies.io
30644,wafer,"Wafer",Summer 2025,2025,wafer.com,wafer.ai,wafer.io
30364,wayline,"Wayline",Summer 2025,2025,wayline.com,wayline.ai,wayline.io
30668,wedge,"Wedge",Summer 2025,2025,wedge.com,wedge.ai,wedge.io
30250,10x,"10x",Winter 2025,2025,10x.com,10x.ai,10x.io
30223,a0-dev,"a0.dev",Winter 2025,2025,a0dev.com,a0dev.ai,a0dev.io
30221,a1zap-by-a1base,"A1Zap by A1Base",Winter 2025,2025,a1zapbya1base.com,a1zapbya1base.ai,a1zapbya1base.io
30234,adam,"Adam",Winter 2025,2025,adam.com,adam.ai,adam.io
30303,afterquery,"AfterQuery",Winter 2025,2025,afterquery.com,afterquery.ai,afterquery.io
30278,agentin-ai,"Agentin AI",Winter 2025,2025,agentinai.com,agentinai.ai,agentinai.io
30197,alice-tech,"Alice.tech",Winter 2025,2025,alicetech.com,alicetech.ai,alicetech.io
30222,altrina,"Altrina",Winter 2025,2025,altrina.com,altrina.ai,altrina.io
30238,amby-health,"Amby Health",Winter 2025,2025,ambyhealth.com,ambyhealth.ai,ambyhealth.io
30307,archon,"Archon",Winter 2025,2025,archon.com,archon.ai,archon.io
30354,artifact-2,"Artifact",Winter 2025,2025,artifact.com,artifact.ai,artifact.io
30298,artificial-societies,"Artificial Societies",Winter 2025,2025,artificialsocieties.com,artificialsocieties.ai,artificialsocieties.io
30355,assistant-ui,"assistant-ui",Winter 2025,2025,assistantui.com,assistantui.ai,assistantui.io
30259,asteroid,"Asteroid",Winter 2025,2025,asteroid.com,asteroid.ai,asteroid.io
30202,astro,"Astro",Winter 2025,2025,astro.com,astro.ai,astro.io
30268,athenahq,"AthenaHQ",Winter 2025,2025,athenahq.com,athenahq.ai,athenahq.io
30199,awen,"awen",Winter 2025,2025,awen.com,awen.ai,awen.io
30353,axal,"Axal",Winter 2025,2025,axal.com,axal.ai,axal.io
30192,axiom,"Axiom",Winter 2025,2025,axiom.com,axiom.ai,axiom.io
30240,bezel,"Bezel",Winter 2025,2025,bezel.com,bezel.ai,bezel.io
30177,bild-ai,"Bild AI",Winter 2025,2025,bildai.com,bildai.ai,bildai.io
30263,bindwell,"Bindwell",Winter 2025,2025,bindwell.com,bindwell.ai,bindwell.io
30363,blindpay,"BlindPay",Winter 2025,2025,blindpay.com,blindpay.ai,blindpay.io
30334,bluebook,"Bluebook",Winter 2025,2025,bluebook.com,bluebook.ai,bluebook.io
30341,browser-use,"Browser Use",Winter 2025,2025,browseruse.com,browseruse.ai,browseruse.io
30193,bud,"Bud",Winter 2025,2025,bud.com,bud.ai,bud.io
30335,butter,"Butter",Winter 2025,2025,butter.com,butter.ai,butter.io
30279,bystreet,"Bystreet",Winter 2025,2025,bystreet.com,bystreet.ai,bystreet.io
30287,calltree,"Calltree",Winter 2025,2025,calltree.com,calltree.ai,calltree.io
30273,candor-security,"Candor",Winter 2025,2025,candor.com,candor.ai,candor.io
30178,candor,"Candor",Winter 2025,2025,candor.com,candor.ai,candor.io
30239,cardamon,"Cardamon",Winter 2025,2025,cardamon.com,cardamon.ai,cardamon.io
30232,carecycle,"careCycle",Winter 2025,2025,carecycle.com,carecycle.ai,carecycle.io
30227,caseflood-ai,"Caseflood.ai",Winter 2025,2025,casefloodai.com,casefloodai.ai,casefloodai.io
30343,cedar,"Cedar",Winter 2025,2025,cedar.com,cedar.ai,cedar.io
30266,cenote,"Cenote",Winter 2025,2025,cenote.com,cenote.ai,cenote.io
30243,cifrato,"Cifrato",Winter 2025,2025,cifrato.com,cifrato.ai,cifrato.io
30209,closure,"Closure",Winter 2025,2025,closure.com,closure.ai,closure.io
30283,confident-ai,"Confident AI",Winter 2025,2025,confidentai.com,confidentai.ai,confidentai.io
30210,conntour,"Conntour",Winter 2025,2025,conntour.com,conntour.ai,conntour.io
30215,contrario,"Contrario",Winter 2025,2025,contrario.com,contrario.ai,contrario.io
30338,copycat,"CopyCat",Winter 2025,2025,copycat.com,copycat.ai,copycat.io
30319,corsair,"Corsair",Winter 2025,2025,corsair.com,corsair.ai,corsair.io
30252,cuckoo-labs,"Cuckoo Labs",Winter 2025,2025,cuckoolabs.com,cuckoolabs.ai,cuckoolabs.io
30328,dalus,"Dalus",Winter 2025,2025,dalus.com,dalus.ai,dalus.io
30201,dartboard,"Dartboard",Winter 2025,2025,dartboard.com,dartboard.ai,dartboard.io
29988,delineate,"Delineate",Winter 2025,2025,delineate.com,delineate.ai,delineate.io
30351,joindex,"Dex",Winter 2025,2025,dex.com,dex.ai,dex.io
30198,dollyglot,"Dollyglot",Winter 2025,2025,dollyglot.com,dollyglot.ai,dollyglot.io
30165,edexia,"Edexia",Winter 2025,2025,edexia.com,edexia.ai,edexia.io
28922,egress-health,"Egress Health",Winter 2025,2025,egresshealth.com,egresshealth.ai,egresshealth.io
30226,elip-ai,"Elip AI",Winter 2025,2025,elipai.com,elipai.ai,elipai.io
30172,enhanced-radar,"Enhanced Radar",Winter 2025,2025,enhancedradar.com,enhancedradar.ai,enhancedradar.io
30339,ergo,"Ergo",Winter 2025,2025,ergo.com,ergo.ai,ergo.io
30185,excellence-learning,"Excellence Learning",Winter 2025,2025,excellencelearning.com,excellencelearning.ai,excellencelearning.io
29986,exin-therapeutics,"Exin Therapeutics",Winter 2025,2025,exintherapeutics.com,exintherapeutics.ai,exintherapeutics.io
30284,exla,"Exla",Winter 2025,2025,exla.com,exla.ai,exla.io
30253,finbar,"finbar",Winter 2025,2025,finbar.com,finbar.ai,finbar.io
30356,fira,"Fira",Winter 2025,2025,fira.com,fira.ai,fira.io
30182,flowtel,"Flowtel",Winter 2025,2025,flowtel.com,flowtel.ai,flowtel.io
30305,forge-automation,"Forge Automation",Winter 2025,2025,forgeautomation.com,forgeautomation.ai,forgeautomation.io
30301,fuse-ai,"Fuse AI",Winter 2025,2025,fuseai.com,fuseai.ai,fuseai.io
30270,g-lnk,"G LNK",Winter 2025,2025,glnk.com,glnk.ai,glnk.io
30258,gale,"Gale",Winter 2025,2025,gale.com,gale.ai,gale.io
30276,general-trajectory,"General Trajectory",Winter 2025,2025,generaltrajectory.com,generaltrajectory.ai,generaltrajectory.io
30265,harbera,"Harbera",Winter 2025,2025,harbera.com,harbera.ai,harbera.io
30288,harper,"Harper",Winter 2025,2025,harper.com,harper.ai,harper.io
30249,healthkey,"HealthKey",Winter 2025,2025,healthkey.com,healthkey.ai,healthkey.io
30188,hey-telo,"Hey Telo",Winter 2025,2025,heytelo.com,heytelo.ai,heytelo.io
30254,hud,"HUD",Winter 2025,2025,hud.com,hud.ai,hud.io
30295,infinite,"Infinite",Winter 2025,2025,infinite.com,infinite.ai,infinite.io
30347,instinct-space,"Instinct Space",Winter 2025,2025,instinctspace.com,instinctspace.ai,instinctspace.io
30233,inversion-semiconductor,"Inversion Semiconductor",Winter 2025,2025,inversionsemiconductor.com,inversionsemiconductor.ai,inversionsemiconductor.io
30200,karoo,"Karoo",Winter 2025,2025,karoo.com,karoo.ai,karoo.io
30285,karsa,"Karsa",Winter 2025,2025,karsa.com,karsa.ai,karsa.io
30181,leaping-ai,"Leaping AI",Winter 2025,2025,leapingai.com,leapingai.ai,leapingai.io
30269,liquid-compute,"Liquid Compute",Winter 2025,2025,liquidcompute.com,liquidcompute.ai,liquidcompute.io
30267,lopus,"Lopus",Winter 2025,2025,lopus.com,lopus.ai,lopus.io
30261,lucid,"Lucid",Winter 2025,2025,lucid.com,lucid.ai,lucid.io
30272,lucidic-ai,"Lucidic AI",Winter 2025,2025,lucidicai.com,lucidicai.ai,lucidicai.io
30260,macadamia,"Macadamia",Winter 2025,2025,macadamia.com,macadamia.ai,macadamia.io
30229,maive,"Maive",Winter 2025,2025,maive.com,maive.ai,maive.io
30224,maritime-fusion,"Maritime Fusion",Winter 2025,2025,maritimefusion.com,maritimefusion.ai,maritimefusion.io
30304,mastra,"Mastra",Winter 2025,2025,mastra.com,mastra.ai,mastra.io
30251,mecha-health,"Mecha Health",Winter 2025,2025,mechahealth.com,mechahealth.ai,mechahealth.io
30365,mentra,"Mentra",Winter 2025,2025,mentra.com,mentra.ai,mentra.io
30346,mercura,"Mercura",Winter 2025,2025,mercura.com,mercura.ai,mercura.io
30292,mesh-2,"Mesh",Winter 2025,2025,mesh.com,mesh.ai,mesh.io
30302,misprint,"Misprint",Winter 2025,2025,misprint.com,misprint.ai,misprint.io
30299,miyagi-labs,"Miyagi Labs",Winter 2025,2025,miyagilabs.com,miyagilabs.ai,miyagilabs.io
30244,mosaic-2,"Mosaic",Winter 2025,2025,mosaic.com,mosaic.ai,mosaic.io
30271,mundo-ai,"Mundo AI",Winter 2025,2025,mundoai.com,mundoai.ai,mundoai.io
30286,nitrode,"Nitrode",Winter 2025,2025,nitrode.com,nitrode.ai,nitrode.io
30242,oki,"Oki",Winter 2025,2025,oki.com,oki.ai,oki.io
30255,olive,"Olive",Winter 2025,2025,olive.com,olive.ai,olive.io
29999,onlook,"Onlook",Winter 2025,2025,onlook.com,onlook.ai,onlook.io
30297,openintake,"OpenIntake",Winter 2025,2025,openintake.com,openintake.ai,openintake.io
30248,operand,"Operand",Winter 2025,2025,operand.com,operand.ai,operand.io
30315,optifye-ai,"Optifye.ai",Winter 2025,2025,optifyeai.com,optifyeai.ai,optifyeai.io
30293,orbital-operations,"Orbital Operations",Winter 2025,2025,orbitaloperations.com,orbitaloperations.ai,orbitaloperations.io
30247,osmosis,"Osmosis",Winter 2025,2025,osmosis.com,osmosis.ai,osmosis.io
30291,outlit,"Outlit",Winter 2025,2025,outlit.com,outlit.ai,outlit.io
30176,outship,"Outship",Winter 2025,2025,outship.com,outship.ai,outship.io
29727,overstand-labs,"Overstand Labs",Winter 2025,2025,overstandlabs.com,overstandlabs.ai,overstandlabs.io
30214,ovlo,"Ovlo",Winter 2025,2025,ovlo.com,ovlo.ai,ovlo.io
30231,deployparagon,"Paragon",Winter 2025,2025,paragon.com,paragon.ai,paragon.io
30337,paratus-health,"Paratus Health",Winter 2025,2025,paratushealth.com,paratushealth.ai,paratushealth.io
30257,pave-robotics,"Pave Robotics",Winter 2025,2025,paverobotics.com,paverobotics.ai,paverobotics.io
30256,pax-markets,"PAX Markets",Winter 2025,2025,paxmarkets.com,paxmarkets.ai,paxmarkets.io
30296,peppr-ai,"Peppr AI",Winter 2025,2025,pepprai.com,pepprai.ai,pepprai.io
30317,permitify,"Permitify",Winter 2025,2025,permitify.com,permitify.ai,permitify.io
30262,pickle-2,"Pickle",Winter 2025,2025,pickle.com,pickle.ai,pickle.io
30314,pinch,"Pinch",Winter 2025,2025,pinch.com,pinch.ai,pinch.io
30187,praxim,"Praxim",Winter 2025,2025,praxim.com,praxim.ai,praxim.io
30320,proception-inc,"Proception Inc",Winter 2025,2025,proceptioninc.com,proceptioninc.ai,proceptioninc.io
30207,promptless,"Promptless",Winter 2025,2025,promptless.com,promptless.ai,promptless.io
30160,quantstruct,"Quantstruct",Winter 2025,2025,quantstruct.com,quantstruct.ai,quantstruct.io
30235,rally-3,"Rally",Winter 2025,2025,rally.com,rally.ai,rally.io
30324,rebolt,"Rebolt",Winter 2025,2025,rebolt.com,rebolt.ai,rebolt.io
30368,red-barn-robotics,"Red Barn Robotics",Winter 2025,2025,redbarnrobotics.com,redbarnrobotics.ai,redbarnrobotics.io
30316,reditus-space,"Reditus Space",Winter 2025,2025,reditusspace.com,reditusspace.ai,reditusspace.io
30277,rejot,"ReJot",Winter 2025,2025,rejot.com,rejot.ai,rejot.io
30312,retrofit,"Retrofit",Winter 2025,2025,retrofit.com,retrofit.ai,retrofit.io
30174,revise-robotics,"Revise Robotics",Winter 2025,2025,reviserobotics.com,reviserobotics.ai,reviserobotics.io
30282,riviera,"Riviera",Winter 2025,2025,riviera.com,riviera.ai,riviera.io
30325,roark,"Roark",Winter 2025,2025,roark.com,roark.ai,roark.io
30217,rocketable,"Rocketable",Winter 2025,2025,rocketable.com,rocketable.ai,rocketable.io
30230,salespatriot,"SalesPatriot",Winter 2025,2025,salespatriot.com,salespatriot.ai,salespatriot.io
30348,sammy-labs,"SAMMY Labs",Winter 2025,2025,sammylabs.com,sammylabs.ai,sammylabs.io
30205,scout-4,"Scout",Winter 2025,2025,scout.com,scout.ai,scout.io
30294,sennu-ai,"Sennu AI",Winter 2025,2025,sennuai.com,sennuai.ai,sennuai.io
30275,solidroad,"Solidroad",Winter 2025,2025,solidroad.com,solidroad.ai,solidroad.io
30194,splash-inc,"Splash Inc.",Winter 2025,2025,splashinc.com,splashinc.ai,splashinc.io
30322,spott,"Spott",Winter 2025,2025,spott.com,spott.ai,spott.io
30196,stamp,"Stamp",Winter 2025,2025,stamp.com,stamp.ai,stamp.io
30190,steinmetz,"Steinmetz",Winter 2025,2025,steinmetz.com,steinmetz.ai,steinmetz.io
30264,stillwind,"Stillwind",Winter 2025,2025,stillwind.com,stillwind.ai,stillwind.io
30189,subimage,"SubImage",Winter 2025,2025,subimage.com,subimage.ai,subimage.io
30216,sublingual,"Sublingual",Winter 2025,2025,sublingual.com,sublingual.ai,sublingual.io
30204,subtrace,"Subtrace",Winter 2025,2025,subtrace.com,subtrace.ai,subtrace.io
30212,superglue,"superglue",Winter 2025,2025,superglue.com,superglue.ai,superglue.io
30246,swerve,"Swerve",Winter 2025,2025,swerve.com,swerve.ai,swerve.io
30340,tamlabs,"TamLabs",Winter 2025,2025,tamlabs.com,tamlabs.ai,tamlabs.io
30345,tee-time-tommy,"Tee Time Tommy",Winter 2025,2025,teetimetommy.com,teetimetommy.ai,teetimetommy.io
30333,tensorpool,"TensorPool",Winter 2025,2025,tensorpool.com,tensorpool.ai,tensorpool.io
30236,tergle,"Tergle",Winter 2025,2025,tergle.com,tergle.ai,tergle.io
30290,tire-swing,"Tire Swing",Winter 2025,2025,tireswing.com,tireswing.ai,tireswing.io
30218,toothy-ai,"Toothy AI",Winter 2025,2025,toothyai.com,toothyai.ai,toothyai.io
30350,trainloop,"TrainLoop",Winter 2025,2025,trainloop.com,trainloop.ai,trainloop.io
30274,trata,"Trata",Winter 2025,2025,trata.com,trata.ai,trata.io
30225,trava,"Trava",Winter 2025,2025,trava.com,trava.ai,trava.io
30237,trim,"Trim",Winter 2025,2025,trim.com,trim.ai,trim.io
30213,truffle-ai,"Truffle AI",Winter 2025,2025,truffleai.com,truffleai.ai,truffleai.io
30183,tweeksio,"Tweeks.io",Winter 2025,2025,tweeksio.com,tweeksio.ai,tweeksio.io
29959,uncommon-therapeutics,"Uncommon Therapeutics",Winter 2025,2025,uncommontherapeutics.com,uncommontherapeutics.ai,uncommontherapeutics.io
30357,vantel,"Vantel",Winter 2025,2025,vantel.com,vantel.ai,vantel.io
30220,verbiflow,"Verbiflow",Winter 2025,2025,verbiflow.com,verbiflow.ai,verbiflow.io
30179,vetnio,"Vetnio",Winter 2025,2025,vetnio.com,vetnio.ai,vetnio.io
30203,vocality-health,"Vocality Health",Winter 2025,2025,vocalityhealth.com,vocalityhealth.ai,vocalityhealth.io
30281,waypoint-transit,"Waypoint Transit",Winter 2025,2025,waypointtransit.com,waypointtransit.ai,waypointtransit.io
30228,weave-3,"Weave",Winter 2025,2025,weave.com,weave.ai,weave.io
30318,wildcard,"Wildcard",Winter 2025,2025,wildcard.com,wildcard.ai,wildcard.io
30321,woz,"Woz",Winter 2025,2025,woz.com,woz.ai,woz.io
29790,youshift,"YouShift",Winter 2025,2025,youshift.com,youshift.ai,youshift.io
30241,zeroentropy,"ZeroEntropy",Winter 2025,2025,zeroentropy.com,zeroentropy.ai,zeroentropy.io